collision-id,report-number,report-version,is-preliminary,ncic-code,crash-date-time,crash-time-description,beat,city-id,city-code,city-name,county-code,city-is-active,city-is-incorporated,collision-type-code,collision-type-description,collision-type-other-desc,day-of-week,dispatch-notified,has-photographs,hit-run,is-attachments-mailed,is-deleted,is-highway-related,is-tow-away,judicial-district,motor-vehicle-involved-with-code,motor-vehicle-involved-with-desc,motor-vehicle-involved-with-other-desc,number-injured,number-killed,lighting-code,lighting-description,latitude,longitude,milepost-direction,milepost-distance,milepost-marker,milepost-unit-of-measure,pedestrian-action-code,pedestrian-action-desc,prepared-date,primary-collision-factor-code,primary-collision-factor-description,primary-collision-factor-is-cited,primary-collision-party-number,primary-road,reporting-district,reporting-district-code,reviewed-date,roadway-surface-code,secondary-direction,secondary-distance,secondary-road,secondary-unit-of-measure,sketch-desc,traffic-control-device-code,created-date,modified-date,is-county-road,is-freeway,chp-555-version,is-additonal-object-struck,notification-date,notification-time-description,has-digital-media-files,evidence-number,is-location-refer-to-narrative,is-aoi-one-same-as-location
2346290,9370-2024-00833,1,False,9370,3/14/2024 12:20:00 PM,1220,024,14,109,Oakland,1,True,True,B,SIDE SWIPE,,Thursday,NotApplicable,False,,,False,True,False,ALAMEDA SUPERIOR COURT WILEY W. MANUEL COURTHOUSE,C,OTHER MOTOR VEHICLE,,0,0,A,DAYLIGHT,37.839634,-122.264055,,,,,A,NO PEDESTRIANS INVOLVED,3/14/2024 12:20:00 PM,A,VC 21658(a),False,,SR-24 E/B,,,3/25/2024 12:07:50 PM,A,W,450.0,TELEGRAPH AVENUE,F,,D,3/25/2024 12:07:53 PM,3/25/2024 12:07:53 PM,False,True,4,,3/14/2024 12:21:00 PM,1221,False,,,True
2346268,9370-2024-00834,1,False,9370,3/14/2024 6:20:00 AM,620,023,14,109,Oakland,1,True,True,C,REAR END,,Thursday,NotApplicable,False,,,False,True,True,ALAMEDA SUPERIOR COURT WILEY W. MANUEL COURTHOUSE,C,OTHER MOTOR VEHICLE,,0,0,B,DUSK-DAWN,37.855913,-122.216124,,,,,A,NO PEDESTRIANS INVOLVED,3/14/2024 6:20:00 AM,A,VC 22350,False,1,SR-24 W/B,,,3/25/2024 11:51:25 AM,A,E,500.0,TUNNEL BORE,F,,D,3/25/2024 11:51:27 AM,3/25/2024 11:51:27 AM,False,True,4,,3/14/2024 6:21:00 AM,621,False,,,True
2346223,9370-2024-00835,1,False,9370,3/14/2024 6:10:00 AM,610,024,14,109,Oakland,1,True,True,C,REAR END,,Thursday,NotApplicable,False,,,False,True,True,ALAMEDA SUPERIOR COURT WILEY W. MANUEL COURTHOUSE,C,OTHER MOTOR VEHICLE,,0,0,B,DUSK-DAWN,37.851352,-122.222849,,,,,A,NO PEDESTRIANS INVOLVED,3/14/2024 6:10:00 AM,A,VC 22350,False,1,SR-24 W/B,,,3/25/2024 11:17:14 AM,A,E,300.0,KAY ROAD,F,,D,3/25/2024 11:17:16 AM,3/25/2024 11:17:16 AM,False,True,4,False,3/14/2024 6:11:00 AM,611,False,,,True
2345662,9335-2024-00133,1,False,9335,1/18/2024 6:20:00 AM,620,082,14,109,Oakland,1,True,True,B,SIDE SWIPE,,Thursday,NotApplicable,False,M,,False,True,False,ALAMEDA SUPERIOR COURT WILEY W. MANUEL COURTHOUSE,C,OTHER MOTOR VEHICLE,,0,0,C,DARK-STREET LIGHTS,37.823145,-122.320286,,,,,A,NO PEDESTRIANS INVOLVED,1/18/2024 6:20:00 AM,B,UNSAFE MERGE,,,I-80 W/B,,,3/24/2024 2:43:05 PM,A,W,1120.0,SFOBB TOLL PLAZA,F,,D,3/24/2024 2:43:12 PM,3/24/2024 2:43:12 PM,False,True,4,,1/18/2024 6:28:00 AM,628,True,EMBEDDED,,True
2345120,9370-2024-00848,1,False,9370,3/15/2024 10:50:00 AM,1050,025,14,109,Oakland,1,True,True,C,REAR END,,Friday,NotApplicable,False,,,False,True,False,ALAMEDA SUPERIOR COURT WILEY W. MANUEL COURTHOUSE,C,OTHER MOTOR VEHICLE,,0,0,A,DAYLIGHT,37.828166,-122.267919,,,,,A,NO PEDESTRIANS INVOLVED,3/15/2024 10:50:00 AM,A,VC 22350,False,1,SR-24 W/B TO I-580 W/B,,,3/22/2024 6:26:28 PM,A,W,145.0,40TH ST,F,,D,3/22/2024 6:26:33 PM,3/22/2024 6:26:33 PM,False,True,4,,3/15/2024 10:51:00 AM,1051,False,,,True
2345116,9370-2024-00772,1,False,9370,3/8/2024 4:58:00 PM,1658,024,14,109,Oakland,1,True,True,C,REAR END,,Friday,NotApplicable,False,M,,False,True,False,ALAMEDA SUPERIOR COURT WILEY W. MANUEL COURTHOUSE,C,OTHER MOTOR VEHICLE,,1,0,A,DAYLIGHT,37.85362,-122.221258,,,,,A,NO PEDESTRIANS INVOLVED,3/8/2024 4:58:00 PM,A,VC 22350,False,1,SR-24 E/B,,,3/22/2024 6:12:29 PM,A,W,60.0,CALDECOTT TUNNUEL,F,,D,3/22/2024 6:12:32 PM,3/22/2024 6:12:32 PM,False,True,4,,3/8/2024 5:05:00 PM,1705,False,,,True
2345114,9370-2024-00817,1,False,9370,3/12/2024 7:20:00 PM,1920,177,14,109,Oakland,1,True,True,B,SIDE SWIPE,,Tuesday,Yes,False,,,False,True,True,ALAMEDA SUPERIOR COURT WILEY W. MANUEL COURTHOUSE,C,OTHER MOTOR VEHICLE,,1,0,B,DUSK-DAWN,37.787843,-122.249239,,,,,A,NO PEDESTRIANS INVOLVED,3/12/2024 7:20:00 PM,A,VC 21658(A),False,1,I-880 SOUTHBOUND,,,3/22/2024 5:54:38 PM,A,N,1505.0,16TH AVENUE,F,,D,3/22/2024 5:54:41 PM,3/22/2024 5:54:41 PM,False,True,4,True,3/12/2024 7:27:00 PM,1927,False,,True,
2345110,9370-2024-00868,1,False,9370,3/16/2024 5:00:00 PM,1700,024,14,109,Oakland,1,True,True,B,SIDE SWIPE,,Saturday,NotApplicable,False,,,False,True,False,ALAMEDA SUPERIOR COURT WILEY W. MANUEL COURTHOUSE,I,FIXED OBJECT,CONCRETE BARRIER,0,0,A,DAYLIGHT,37.824307,-122.267786,,,,,A,NO PEDESTRIANS INVOLVED,3/16/2024 5:00:00 PM,A,VC 22350,False,,SR-24 W/B TO I-580 E/B,,,3/22/2024 5:35:04 PM,A,W,620.0,TELEGRAPH AVENUE,F,,D,3/22/2024 5:35:06 PM,3/22/2024 5:35:06 PM,False,True,4,,3/16/2024 5:10:00 PM,1710,False,,,True
2345107,9370-2024-00766,3,False,9370,3/7/2024 9:43:00 PM,2143,178,14,109,Oakland,1,True,True,C,REAR END,,Thursday,Yes,False,,,False,True,True,ALAMEDA SUPERIOR COURT WILEY W. MANUEL COURTHOUSE,C,OTHER MOTOR VEHICLE,,1,0,D,DARK-NO STREET LIGHTS,37.80257,-122.29896,,,,,A,NO PEDESTRIANS INVOLVED,3/7/2024 9:43:00 PM,A,VC 23152(a),True,1,I-880 N/B,,,4/16/2024 4:09:44 PM,A,S,2445.0,7TH ST,F,,D,3/22/2024 5:24:14 PM,4/18/2024 4:39:47 PM,False,True,4,,3/7/2024 9:46:00 PM,2146,False,,,True
2345047,9370-2024-00233,1,False,9370,1/22/2024 6:00:00 PM,1800,024,14,109,Oakland,1,True,True,B,SIDE SWIPE,,Monday,NotApplicable,False,M,,False,True,False,ALAMEDA SUPERIOR COURT WILEY W. MANUEL COURTHOUSE,C,OTHER MOTOR VEHICLE,,0,0,D,DARK-NO STREET LIGHTS,37.851709,-122.222561,,,,,A,NO PEDESTRIANS INVOLVED,1/22/2024 6:00:00 PM,A,VC 21658(A),False,1,SR-24 E/B,,,3/22/2024 3:13:14 PM,A,E,375.0,OLD TUNNEL RD,F,,D,3/22/2024 3:13:16 PM,3/22/2024 3:13:16 PM,False,True,4,,1/22/2024 6:02:00 PM,1802,False,,,True
2344993,9370-2024-00890,1,False,9370,3/15/2024 3:45:00 PM,1545,177,14,109,Oakland,1,True,True,C,REAR END,,Friday,NotApplicable,False,,,False,True,False,ALAMEDA SUPERIOR COURT WILEY W. MANUEL COURTHOUSE,C,OTHER MOTOR VEHICLE,,0,0,A,DAYLIGHT,37.802961,-122.287984,,,,,A,NO PEDESTRIANS INVOLVED,3/15/2024 3:45:00 PM,A,VC 22350,False,1,I-880 S/B,,,3/22/2024 2:23:06 PM,A,N,122.0,ADELINE STREET,F,,D,3/22/2024 2:23:13 PM,3/22/2024 2:23:13 PM,False,True,4,,3/15/2024 3:50:00 PM,1550,False,,,True
2344953,9370-2024-00836,2,False,9370,3/14/2024 5:50:00 PM,1750,055,14,109,Oakland,1,True,True,C,REAR END,,Thursday,NotApplicable,False,,,False,True,False,ALAMEDA SUPERIOR COURT WILEY W. MANUEL COURTHOUSE,C,OTHER MOTOR VEHICLE,,0,0,A,DAYLIGHT,37.823483,-122.265025,,,,,A,NO PEDESTRIANS INVOLVED,3/14/2024 5:50:00 PM,A,VC 22350,False,1,I-580 E/B,,,3/22/2024 1:32:52 PM,A,E,260.0,TELEGRAPH AVE,F,,D,3/22/2024 1:32:51 PM,4/18/2024 3:17:48 PM,False,True,4,,3/14/2024 5:53:00 PM,1753,False,,,True
2344883,9370-2024-00812,1,False,9370,3/12/2024 5:17:00 PM,1717,052,14,109,Oakland,1,True,True,E,HIT OBJECT,,Tuesday,NotApplicable,False,,,False,True,False,ALAMEDA SUPERIOR COURT WILEY W. MANUEL COURTHOUSE,I,FIXED OBJECT,TREE,0,0,A,DAYLIGHT,37.783301,-122.176689,,,,,A,NO PEDESTRIANS INVOLVED,3/12/2024 5:17:00 PM,A,VC 22107,False,1,I-580 W/B TO SR-13 N/B,,,3/22/2024 12:18:52 PM,A,W,1140.0,KUHNLE AVE,F,,D,3/22/2024 12:18:55 PM,3/22/2024 12:18:55 PM,False,True,4,,3/12/2024 5:31:00 PM,1731,False,,,True
2344841,9370-2024-00814,1,False,9370,3/13/2024 4:43:00 AM,443,052,14,109,Oakland,1,True,True,E,HIT OBJECT,,Wednesday,NotApplicable,False,M,,False,True,False,ALAMEDA SUPERIOR COURT WILEY W. MANUEL COURTHOUSE,I,FIXED OBJECT,METAL GUARD RAIL,0,0,D,DARK-NO STREET LIGHTS,37.737275,-122.140041,,,,,A,NO PEDESTRIANS INVOLVED,3/13/2024 4:43:00 AM,A,VC 21658(A),False,1,I-580 W/B,,,3/22/2024 11:29:24 AM,A,E,222.0,FOOTHILL BLVD,F,,D,3/22/2024 11:29:27 AM,3/22/2024 11:29:27 AM,False,True,4,,3/13/2024 4:45:00 AM,445,False,,,True
2344706,9335-2024-00625,1,False,9370,3/16/2024 4:21:00 AM,421,904,14,109,Oakland,1,True,True,E,HIT OBJECT,,Saturday,NotApplicable,False,,,False,True,True,ALAMEDA SUPERIOR COURT ALAMEDA,J,OTHER OBJECT,RAILROAD TRACKS,0,0,C,DARK-STREET LIGHTS,37.786233,-122.245908,,,,,A,NO PEDESTRIANS INVOLVED,3/16/2024 4:21:00 AM,B,UNSAFE SPEED,,,I-880 S/B TO 16TH AVENUE,,,3/22/2024 9:02:06 AM,A,N,44.0,EMBARCADERO,F,,D,3/22/2024 9:02:10 AM,3/22/2024 9:02:10 AM,False,True,4,,3/16/2024 4:22:00 AM,422,False,,,False
2344334,9370-2024-00832,1,False,9370,3/14/2024 8:55:00 AM,855,052,14,109,Oakland,1,True,True,C,REAR END,,Thursday,NotApplicable,False,,,False,True,True,ALAMEDA SUPERIOR COURT WILEY W. MANUEL COURTHOUSE,C,OTHER MOTOR VEHICLE,,1,0,A,DAYLIGHT,37.779607,-122.171661,,,,,A,NO PEDESTRIANS INVOLVED,3/14/2024 8:55:00 AM,A,VC 22350,False,,I-580 E/B TO SEMINARY AVE,,,3/21/2024 7:17:04 PM,A,W,650.0,SUNNYMERE AVE,F,,D,3/21/2024 7:17:07 PM,3/21/2024 7:17:07 PM,False,True,4,,3/14/2024 9:00:00 AM,900,False,,,
2344332,9370-2024-00826,1,False,9370,3/13/2024 8:30:00 PM,2030,052,14,109,Oakland,1,True,True,B,SIDE SWIPE,,Wednesday,NotApplicable,False,M,,False,True,False,ALAMEDA SUPERIOR COURT WILEY W. MANUEL COURTHOUSE,C,OTHER MOTOR VEHICLE,,0,0,D,DARK-NO STREET LIGHTS,37.756617,-122.148359,,,,,A,NO PEDESTRIANS INVOLVED,3/13/2024 8:30:00 PM,A,VC 21658(A),False,1,I-580 W/B,,,3/21/2024 7:07:15 PM,A,W,430.0,GOLF LINKS RD,F,,D,3/21/2024 7:07:17 PM,3/21/2024 7:07:17 PM,False,True,4,,3/13/2024 8:40:00 PM,2040,True,EMBEDDED,,True
2344328,9370-2024-00810,1,False,9370,3/12/2024 2:30:00 PM,1430,055,14,109,Oakland,1,True,True,C,REAR END,,Tuesday,NotApplicable,False,,,False,True,False,ALAMEDA SUPERIOR COURT WILEY W. MANUEL COURTHOUSE,C,OTHER MOTOR VEHICLE,,0,0,A,DAYLIGHT,37.827272,-122.284955,,,,,A,NO PEDESTRIANS INVOLVED,3/12/2024 2:30:00 PM,A,VC 21658(A),False,1,I-580 W/B,,,3/21/2024 6:32:41 PM,A,E,580.0,I-80 E/B,F,,D,3/21/2024 6:32:47 PM,3/21/2024 6:32:47 PM,False,True,4,,3/12/2024 2:45:00 PM,1445,False,,,True
2344324,9370-2024-00787,1,False,9370,3/9/2024 7:30:00 PM,1930,177,14,109,Oakland,1,True,True,B,SIDE SWIPE,,Saturday,NotApplicable,False,M,,False,True,False,ALAMEDA SUPERIOR COURT WILEY W. MANUEL COURTHOUSE,C,OTHER MOTOR VEHICLE,,0,0,C,DARK-STREET LIGHTS,37.794443,-122.264998,,,,,A,NO PEDESTRIANS INVOLVED,3/9/2024 7:30:00 PM,A,VC 21658(A),False,1,I-880 N/B,,,3/21/2024 5:51:37 PM,A,S,528.0,OAK ST,F,,D,3/21/2024 5:51:44 PM,3/21/2024 5:51:44 PM,False,True,4,,3/9/2024 8:59:00 PM,2059,False,,,True
2344320,9370-2024-00792,1,False,9370,3/11/2024 3:20:00 AM,320,177,14,109,Oakland,1,True,True,A,HEAD-ON,,Monday,NotApplicable,False,,,False,True,False,ALAMEDA SUPERIOR COURT WILEY W. MANUEL COURTHOUSE,I,FIXED OBJECT,CONCRETE BARRIER WALL,0,0,D,DARK-NO STREET LIGHTS,37.792917,-122.263186,,,,,A,NO PEDESTRIANS INVOLVED,3/11/2024 3:20:00 AM,A,VC 22350,False,1,I-880 S/B,,,3/21/2024 5:33:43 PM,B,S,379.0,OAK ST,F,,D,3/21/2024 5:33:45 PM,3/21/2024 5:33:45 PM,False,True,4,,3/11/2024 3:25:00 AM,325,False,,,True
2344319,9370-2024-00825,1,False,9370,3/13/2024 5:13:00 PM,1713,013,14,109,Oakland,1,True,True,C,REAR END,,Wednesday,NotApplicable,False,,,False,True,False,ALAMEDA SUPERIOR COURT WILEY W. MANUEL COURTHOUSE,C,OTHER MOTOR VEHICLE,,0,0,A,DAYLIGHT,37.838327,-122.221906,,,,,A,NO PEDESTRIANS INVOLVED,3/13/2024 5:13:00 PM,A,VC 22350,False,1,SR-13 N/B,,,3/21/2024 5:33:09 PM,A,S,1200.0,BROADWAY TERRANCE,F,,D,3/21/2024 5:33:11 PM,3/21/2024 5:33:11 PM,False,True,4,,3/13/2024 5:20:00 PM,1720,False,,,True
2344284,9370-2024-00824,1,False,9370,3/13/2024 5:00:00 PM,1700,052,14,109,Oakland,1,True,True,C,REAR END,,Wednesday,NotApplicable,False,,,False,True,False,ALAMEDA SUPERIOR COURT WILEY W. MANUEL COURTHOUSE,C,OTHER MOTOR VEHICLE,,1,0,A,DAYLIGHT,37.788224,-122.199057,,,,,A,NO PEDESTRIANS INVOLVED,3/13/2024 5:00:00 PM,A,VC 22350,False,1,I-580 E/B,,,3/21/2024 4:28:48 PM,A,W,600.0,HIGH STREET,F,,D,3/21/2024 4:28:52 PM,3/21/2024 4:28:52 PM,False,True,4,,3/13/2024 5:05:00 PM,1705,False,,,True
2344279,9370-2024-00823,1,False,9370,3/13/2024 3:00:00 PM,1500,024,14,109,Oakland,1,True,True,B,SIDE SWIPE,,Wednesday,Yes,False,F,,False,True,False,ALAMEDA SUPERIOR COURT WILEY W. MANUEL COURTHOUSE,C,OTHER MOTOR VEHICLE,,1,0,A,DAYLIGHT,37.849074,-122.229831,,,,,A,NO PEDESTRIANS INVOLVED,3/13/2024 3:00:00 PM,A,VC 21658(A),False,1,SR-24 W/B,,,3/21/2024 4:22:34 PM,A,W,200.0,SR-13,F,,D,3/21/2024 4:22:56 PM,3/21/2024 4:22:56 PM,False,True,4,,3/13/2024 3:05:00 PM,1505,False,,,True
2344235,9370-2024-00818,1,False,9370,3/13/2024 7:35:00 AM,735,008,14,109,Oakland,1,True,True,B,SIDE SWIPE,,Wednesday,Yes,False,F,,False,True,True,ALAMEDA SUPERIOR COURT WILEY W. MANUEL COURTHOUSE,C,OTHER MOTOR VEHICLE,,1,0,A,DAYLIGHT,37.827812,-122.294685,,,,,A,NO PEDESTRIANS INVOLVED,3/13/2024 7:35:00 AM,A,VC 21658(a),False,1,I-80 E/B,,,3/21/2024 3:41:03 PM,A,W,80.0,I-580 W/B TO I-80 W/B,F,,D,3/21/2024 3:41:05 PM,3/21/2024 3:41:05 PM,False,True,4,,3/13/2024 7:38:00 AM,738,False,,,True
2344114,9370-2024-00829,1,False,9370,3/12/2024 10:30:00 PM,2230,055,14,109,Oakland,1,True,True,C,REAR END,,Tuesday,NotApplicable,False,M,,False,True,False,ALAMEDA SUPERIOR COURT WILEY W. MANUEL COURTHOUSE,C,OTHER MOTOR VEHICLE,,0,0,D,DARK-NO STREET LIGHTS,37.826559,-122.278081,,,,,A,NO PEDESTRIANS INVOLVED,3/12/2024 10:30:00 PM,A,VC 22350,False,1,I-580 EASTBOUND,,,3/21/2024 2:09:24 PM,A,E,70.0,SAN PABLO AVENUE,F,,D,3/21/2024 2:09:29 PM,3/21/2024 2:09:29 PM,False,True,4,,3/12/2024 10:45:00 PM,2245,False,,False,True
2343956,9370-2024-00800,1,False,9370,3/9/2024 8:23:00 PM,2023,024,14,109,Oakland,1,True,True,C,REAR END,,Saturday,NotApplicable,False,,,False,True,False,ALAMEDA SUPERIOR COURT WILEY W. MANUEL COURTHOUSE,C,OTHER MOTOR VEHICLE,,0,0,A,DAYLIGHT,37.855033,-122.21814,,,,,A,NO PEDESTRIANS INVOLVED,3/9/2024 8:23:00 PM,A,VC 22350,False,1,SR-24 W/B,,,3/21/2024 12:02:31 PM,A,E,203.0,WEST EDGE OF CALDECOTT TUNNEL BORE #3,F,,D,3/21/2024 12:02:34 PM,3/21/2024 12:02:34 PM,False,True,4,,3/9/2024 8:25:00 PM,2025,False,,,True
2343950,9370-2024-00805,1,False,9370,3/12/2024 10:05:00 AM,1005,008,14,109,Oakland,1,True,True,B,SIDE SWIPE,,Tuesday,NotApplicable,False,,,False,True,False,ALAMEDA SUPERIOR COURT WILEY W. MANUEL COURTHOUSE,C,OTHER MOTOR VEHICLE,,0,0,A,DAYLIGHT,37.832575,-122.294345,,,,,A,NO PEDESTRIANS INVOLVED,3/12/2024 10:05:00 AM,A,VC 22107,False,1,I-80 W/B TO I-580E/B AND I-880 S/B,,,3/21/2024 11:58:23 AM,A,W,2062.0,POWELL STREET,F,,D,3/21/2024 11:58:26 AM,3/21/2024 11:58:26 AM,False,True,4,,3/12/2024 10:10:00 AM,1010,True,EMBEDDED,,True
2343929,9370-2024-00808,1,False,9370,3/12/2024 8:25:00 AM,825,177,14,109,Oakland,1,True,True,E,HIT OBJECT,,Tuesday,NotApplicable,False,,,False,True,False,ALAMEDA SUPERIOR COURT WILEY W. MANUEL COURTHOUSE,I,FIXED OBJECT,CONCRETE CENTER MEDIAN,0,0,D,DARK-NO STREET LIGHTS,37.790216,-122.25917,,,,,A,NO PEDESTRIANS INVOLVED,3/12/2024 8:25:00 AM,A,VC 22350,False,1,I-880 S/B,,,3/21/2024 11:41:58 AM,B,S,0.4,OAK ST,M,,D,3/21/2024 11:42:00 AM,3/21/2024 11:42:00 AM,False,True,4,False,3/12/2024 8:31:00 AM,831,False,,,True
2343924,9370-2024-00799,1,False,9370,3/11/2024 3:25:00 PM,1525,052,14,109,Oakland,1,True,True,C,REAR END,,Monday,NotApplicable,False,,,False,True,False,ALAMEDA SUPERIOR COURT WILEY W. MANUEL COURTHOUSE,C,OTHER MOTOR VEHICLE,,0,0,A,DAYLIGHT,37.755336,-122.150142,,,,,A,NO PEDESTRIANS INVOLVED,3/11/2024 3:25:00 PM,A,VC 22350,False,1,I-580 E/B TO GOLF LINKS ROAD,,,3/21/2024 11:37:38 AM,A,W,708.0,GOLF LINKS ROAD,F,,D,3/21/2024 11:37:42 AM,3/21/2024 11:37:42 AM,False,True,4,,3/11/2024 3:27:00 PM,1527,False,,,True
2343920,9370-2024-00862,1,False,9370,3/11/2024 7:00:00 PM,1900,024,14,109,Oakland,1,True,True,B,SIDE SWIPE,,Monday,NotApplicable,False,,,False,True,False,ALAMEDA SUPERIOR COURT WILEY W. MANUEL COURTHOUSE,C,OTHER MOTOR VEHICLE,,0,0,A,DAYLIGHT,37.84887,-122.242041,,,,,A,NO PEDESTRIANS INVOLVED,3/11/2024 7:00:00 PM,A,VC 22107,False,1,SR-24 E/B,,,3/21/2024 11:34:03 AM,A,W,20.0,BROADWAY,F,,A,3/21/2024 11:34:05 AM,3/21/2024 11:34:05 AM,False,True,4,,3/11/2024 7:05:00 PM,1905,False,,,True
2343889,9370-2024-00786,1,False,9370,3/9/2024 3:50:00 PM,1550,176,14,109,Oakland,1,True,True,C,REAR END,,Saturday,NotApplicable,False,,,False,True,True,ALAMEDA SUPERIOR COURT WILEY W. MANUEL COURTHOUSE,C,OTHER MOTOR VEHICLE,,1,0,A,DAYLIGHT,37.753527,-122.209538,,,,,A,NO PEDESTRIANS INVOLVED,3/9/2024 3:50:00 PM,A,VC 22350,False,1,I-880 S/B TO 66TH AVE,,,3/21/2024 10:57:16 AM,A,N,13.0,66TH AVE,F,,A,3/21/2024 10:57:18 AM,3/21/2024 10:57:18 AM,False,True,4,,3/9/2024 4:05:00 PM,1605,False,,,True
2343268,9370-2024-00830,1,False,9370,2/24/2024 2:30:00 PM,1430,008,14,109,Oakland,1,True,True,B,SIDE SWIPE,,Saturday,NotApplicable,False,M,,False,True,False,ALAMEDA SUPERIOR COURT WILEY W. MANUEL COURTHOUSE,C,OTHER MOTOR VEHICLE,,0,0,A,DAYLIGHT,37.824869,-122.313529,,,,,A,NO PEDESTRIANS INVOLVED,2/24/2024 2:30:00 PM,A,VC 21658(A),False,1,I-80 W/B,,,3/20/2024 5:07:26 PM,A,E,200.0,SAN FRANCISCO BAY BRIDGE TOLL PLAZA (SFOBB),F,,D,3/20/2024 5:07:29 PM,3/20/2024 5:07:29 PM,False,True,4,,3/13/2024 1:00:00 PM,1300,False,,,True
2343213,9370-2024-00773,1,False,9370,3/8/2024 11:15:00 AM,1115,055,14,109,Oakland,1,True,True,B,SIDE SWIPE,,Friday,NotApplicable,False,,,False,True,False,ALAMEDA SUPERIOR COURT WILEY W. MANUEL COURTHOUSE,C,OTHER MOTOR VEHICLE,,0,0,A,DAYLIGHT,37.82153,-122.258599,,,,,A,NO PEDESTRIANS INVOLVED,3/8/2024 11:15:00 AM,A,VC 21658(A),False,1,I-580 E/B,,,3/20/2024 3:34:46 PM,A,W,60.0,HARRISON ST,F,,D,3/20/2024 3:34:48 PM,3/20/2024 3:34:48 PM,False,True,4,,3/8/2024 11:20:00 AM,1120,False,,,True
2343150,9370-2024-00790,2,False,9370,3/10/2024 2:10:00 PM,1410,024,14,109,Oakland,1,True,True,H,OTHER,MECHANICAL,Sunday,NotApplicable,False,,,False,True,True,ALAMEDA SUPERIOR COURT WILEY W. MANUEL COURTHOUSE,A,NON-COLLISION,,0,0,A,DAYLIGHT,37.849739,-122.23194,,,,,A,NO PEDESTRIANS INVOLVED,3/10/2024 2:10:00 PM,C,,,,SR-24 W/B,,,3/21/2024 6:17:24 PM,A,W,215.0,OLD TUNNEL RD,F,,D,3/20/2024 2:35:57 PM,3/21/2024 6:17:27 PM,False,True,4,,3/10/2024 2:22:00 PM,1422,False,,,True
2343109,9370-2024-00771,1,False,9370,3/8/2024 3:40:00 PM,1540,176,14,109,Oakland,1,True,True,B,SIDE SWIPE,,Friday,NotApplicable,False,,,False,True,True,ALAMEDA SUPERIOR COURT WILEY W. MANUEL COURTHOUSE,C,OTHER MOTOR VEHICLE,,1,0,A,DAYLIGHT,37.753583,-122.207627,,,,,A,NO PEDESTRIANS INVOLVED,3/8/2024 3:40:00 PM,A,VC 21658(a),False,1,I-880 N/B,,,3/20/2024 1:57:39 PM,A,S,500.0,66TH AVE,F,,D,3/20/2024 1:57:41 PM,3/20/2024 1:57:41 PM,False,True,4,,3/8/2024 3:45:00 PM,1545,False,,,True
2343085,9370-2024-00645,1,False,9370,2/24/2024 12:20:00 PM,1220,176,14,109,Oakland,1,True,True,B,SIDE SWIPE,,Saturday,NotApplicable,False,,,False,True,False,ALAMEDA SUPERIOR COURT WILEY W. MANUEL COURTHOUSE,C,OTHER MOTOR VEHICLE,,1,0,A,DAYLIGHT,37.773946,-122.230106,,,,,A,NO PEDESTRIANS INVOLVED,2/24/2024 12:20:00 PM,A,VC 21658(A),False,1,I-880 N/B,,,3/20/2024 1:34:40 PM,A,S,50.0,29TH AVE,F,,D,3/20/2024 1:34:43 PM,3/20/2024 1:34:43 PM,False,True,4,,2/24/2024 12:25:00 PM,1225,False,,,True
2343067,9370-2024-00715,1,False,9370,3/3/2024 1:05:00 AM,105,176,14,109,Oakland,1,True,True,B,SIDE SWIPE,,Sunday,Yes,False,F,,False,True,False,ALAMEDA SUPERIOR COURT WILEY W. MANUEL COURTHOUSE,C,OTHER MOTOR VEHICLE,,1,0,D,DARK-NO STREET LIGHTS,37.740435,-122.196007,,,,,A,NO PEDESTRIANS INVOLVED,3/3/2024 1:05:00 AM,A,VC 21658(A),False,1,I-880 N/B,,,3/20/2024 1:24:10 PM,B,S,150.0,HEGENBERGER RD,F,,D,3/20/2024 1:24:13 PM,3/20/2024 1:24:13 PM,False,True,4,,3/3/2024 1:22:00 AM,122,False,,,True
2343010,9370-2024-00815,1,False,9370,3/13/2024 12:07:00 PM,1207,901,14,109,Oakland,1,True,True,E,HIT OBJECT,,Wednesday,NotApplicable,False,,,False,False,True,ALAMEDA SUPERIOR COURT WILEY W. MANUEL COURTHOUSE,I,FIXED OBJECT,RAISED CONCRETE CURB,0,0,A,DAYLIGHT,37.775472,-122.23304,,,,,A,NO PEDESTRIANS INVOLVED,3/13/2024 12:07:00 PM,B,UNSAFE TURN,,,29TH AVENUE (800 BLOCK),,,3/20/2024 12:26:35 PM,A,S,338.0,EAST 10TH STREET,F,,D,3/20/2024 12:26:39 PM,3/20/2024 12:26:39 PM,True,False,4,,3/13/2024 12:07:00 PM,1207,True,AREA PHOTO FILE,,True