collision-id,report-number,report-version,is-preliminary,ncic-code,crash-date-time,crash-time-description,beat,city-id,city-code,city-name,county-code,city-is-active,city-is-incorporated,collision-type-code,collision-type-description,collision-type-other-desc,day-of-week,dispatch-notified,has-photographs,hit-run,is-attachments-mailed,is-deleted,is-highway-related,is-tow-away,judicial-district,motor-vehicle-involved-with-code,motor-vehicle-involved-with-desc,motor-vehicle-involved-with-other-desc,number-injured,number-killed,lighting-code,lighting-description,latitude,longitude,milepost-direction,milepost-distance,milepost-marker,milepost-unit-of-measure,pedestrian-action-code,pedestrian-action-desc,prepared-date,primary-collision-factor-code,primary-collision-factor-description,primary-collision-factor-is-cited,primary-collision-party-number,primary-road,reporting-district,reporting-district-code,reviewed-date,roadway-surface-code,secondary-direction,secondary-distance,secondary-road,secondary-unit-of-measure,sketch-desc,traffic-control-device-code,created-date,modified-date,is-county-road,is-freeway,chp-555-version,is-additonal-object-struck,notification-date,notification-time-description,has-digital-media-files,evidence-number,is-location-refer-to-narrative,is-aoi-one-same-as-location
2463939,24-015880,2,False,0109,3/30/2024 1:06:00 PM,1306,34X,14,109,Oakland,1,True,True,D,BROADSIDE,,Saturday,,,F,,False,False,False,,C,OTHER MOTOR VEHICLE,,1,0,A,DAYLIGHT,,,,,,,A,NO PEDESTRIANS INVOLVED,,A,21453A,,1,82ND AV,2,,,A,,,BANCROFT AV,,,A,7/22/2024 11:03:10 AM,1/28/2025 11:17:17 AM,,,2,,,,,,,
2463934,24-010751,2,False,0109,3/1/2024 9:53:00 PM,2153,26X,14,109,Oakland,1,True,True,C,REAR END,,Friday,,,M,,False,False,False,,E,PARKED MOTOR VEHICLE,,1,0,C,DARK-STREET LIGHTS,,,,,,,A,NO PEDESTRIANS INVOLVED,,A,22107,,1,SAN LEANDRO ST,2,,,B,W,35.0,52ND AV,F,,D,7/22/2024 11:03:10 AM,1/28/2025 11:17:17 AM,,,2,,,,,,,
2463903,24-021677,2,False,0109,5/3/2024 1:25:00 AM,125,30X,14,109,Oakland,1,True,True,C,REAR END,,Friday,,,M,,False,False,True,,E,PARKED MOTOR VEHICLE,,0,0,C,DARK-STREET LIGHTS,,,,,,,A,NO PEDESTRIANS INVOLVED,,A,22107,,1,MACARTHUR BL,2,,,A,W,150.0,RITCHIE ST,F,,D,7/22/2024 11:03:08 AM,1/28/2025 11:17:16 AM,,,2,,,,,,,
2463902,24-023538,2,False,0109,5/13/2024 11:30:00 AM,1130,03X,14,109,Oakland,1,True,True,C,REAR END,,Monday,,,,,False,False,False,,D,MOTOR VEHICLE ON OTHER ROADWAY,,0,0,A,DAYLIGHT,,,,,,,A,NO PEDESTRIANS INVOLVED,,A,22107,,1,WEBSTER ST,1,,,A,S,200.0,9TH ST,F,,A,7/22/2024 11:03:08 AM,1/28/2025 11:17:16 AM,,,2,,,,,,,
2463901,24-022099,2,False,0109,5/5/2024 5:22:00 PM,1722,33X,14,109,Oakland,1,True,True,D,BROADSIDE,,Sunday,,,M,,False,False,False,,C,OTHER MOTOR VEHICLE,,0,0,A,DAYLIGHT,,,,,,,A,NO PEDESTRIANS INVOLVED,,A,21453A,,1,INTERNATIONAL BL,2,,,A,,,94TH AVE,,,A,7/22/2024 11:03:08 AM,1/28/2025 11:17:16 AM,,,2,,,,,,,
2463900,24-023109,2,False,0109,5/10/2024 6:00:00 PM,1800,15X,14,109,Oakland,1,True,True,C,REAR END,,Friday,,,M,,False,False,False,,C,OTHER MOTOR VEHICLE,,0,0,A,DAYLIGHT,,,,,,,A,NO PEDESTRIANS INVOLVED,,A,22350,,1,PARK BL,1,,,A,N,21.0,NEWTON AV,F,,A,7/22/2024 11:03:08 AM,1/28/2025 11:17:16 AM,,,2,,,,,,,
2463898,24-021495,2,False,0109,5/2/2024 9:30:00 PM,2130,07X,14,109,Oakland,1,True,True,B,SIDE SWIPE,,Thursday,,,M,,False,False,False,,E,PARKED MOTOR VEHICLE,,0,0,C,DARK-STREET LIGHTS,,,,,,,A,NO PEDESTRIANS INVOLVED,,A,22107,,1,UNION ST,1,,,A,N,220.0,28TH ST,F,,D,7/22/2024 11:03:08 AM,1/28/2025 11:17:16 AM,,,2,,,,,,,
2463881,24-018294,2,False,0109,4/14/2024 12:01:00 PM,1201,05X,14,109,Oakland,1,True,True,C,REAR END,,Sunday,,,,,False,False,False,,E,PARKED MOTOR VEHICLE,,0,0,A,DAYLIGHT,,,,,,,A,NO PEDESTRIANS INVOLVED,,A,22107,,1,GRAND AV,1,,,A,E,40.0,MANDELA PKWY,F,,D,7/22/2024 11:03:07 AM,1/28/2025 11:17:15 AM,,,2,,,,,,,
2463880,24-019115,2,False,0109,4/18/2024 10:42:00 AM,1042,29X,14,109,Oakland,1,True,True,A,HEAD-ON,,Thursday,,,M,,False,False,False,,C,OTHER MOTOR VEHICLE,,0,0,A,DAYLIGHT,,,,,,,A,NO PEDESTRIANS INVOLVED,,A,21801A,,1,FOOTHILL BL,2,,,A,,,HAVENSCOURT BL,,,A,7/22/2024 11:03:07 AM,1/28/2025 11:17:15 AM,,,2,,,,,,,
2463879,24-017852,2,False,0109,4/11/2024 4:20:00 PM,1620,20X,14,109,Oakland,1,True,True,D,BROADSIDE,,Thursday,,,,,False,False,False,,C,OTHER MOTOR VEHICLE,,0,0,A,DAYLIGHT,,,,,,,A,NO PEDESTRIANS INVOLVED,,A,22350,,1,FRUITVALE AV,2,,,A,,,E 12TH ST,,,A,7/22/2024 11:03:06 AM,1/28/2025 11:17:15 AM,,,2,,,,,,,
2463878,24-020246,2,False,0109,4/24/2024 9:17:00 PM,2117,06X,14,109,Oakland,1,True,True,G,VEHICLE/PEDESTRAIN,,Wednesday,,,,,False,False,False,,B,PEDESTRIAN,,1,0,C,DARK-STREET LIGHTS,,,,,,,B,CROSSING IN CROSS WALK AT INTERSECTION,,A,21950A,,1,WEST ST,1,,,A,,,W MACARTHUR BL,,,A,7/22/2024 11:03:06 AM,1/28/2025 11:17:15 AM,,,2,,,,,,,
2463852,24-019283,2,False,0109,4/18/2024 12:10:00 AM,10,03X,14,109,Oakland,1,True,True,E,HIT OBJECT,,Thursday,,,M,,False,False,True,,I,FIXED OBJECT,,0,0,C,DARK-STREET LIGHTS,,,,,,,A,NO PEDESTRIANS INVOLVED,,A,22107,,1,7TH ST,1,,,A,E,30.0,HARRISON ST,F,,A,7/22/2024 11:03:05 AM,1/28/2025 11:17:14 AM,,,2,,,,,,,
2463851,24-017283,2,False,0109,4/8/2024 8:10:00 PM,2010,12X,14,109,Oakland,1,True,True,C,REAR END,,Monday,,,M,,False,False,False,,E,PARKED MOTOR VEHICLE,,0,0,C,DARK-STREET LIGHTS,,,,,,,A,NO PEDESTRIANS INVOLVED,,A,22106,,1,42ND ST,1,,,A,,,AT SHAFTER AVE,,,D,7/22/2024 11:03:05 AM,1/28/2025 11:17:14 AM,,,2,,,,,,,
2463850,24-020133,2,False,0109,4/24/2024 9:05:00 AM,905,03X,14,109,Oakland,1,True,True,B,SIDE SWIPE,,Wednesday,,,,,False,False,False,,C,OTHER MOTOR VEHICLE,,0,0,A,DAYLIGHT,,,,,,,A,NO PEDESTRIANS INVOLVED,,A,22107,,1,8TH ST,1,,,A,W,100.0,MADISON ST,F,,D,7/22/2024 11:03:05 AM,1/28/2025 11:17:14 AM,,,2,,,,,,,
2463849,24-017472,2,False,0109,4/9/2024 11:11:00 AM,1111,32X,14,109,Oakland,1,True,True,B,SIDE SWIPE,,Tuesday,,,,,False,False,False,,C,OTHER MOTOR VEHICLE,,0,0,A,DAYLIGHT,,,,,,,A,NO PEDESTRIANS INVOLVED,,A,21755,,1,98TH AV,2,,,A,E,3.0,B ST,F,,A,7/22/2024 11:03:05 AM,1/28/2025 11:17:14 AM,,,2,,,,,,,
2463848,24-018234,2,False,0109,4/14/2024 1:53:00 AM,153,19X,14,109,Oakland,1,True,True,C,REAR END,,Sunday,,,,,False,False,True,,E,PARKED MOTOR VEHICLE,,0,0,C,DARK-STREET LIGHTS,,,,,,,A,NO PEDESTRIANS INVOLVED,,A,22106,,1,10TH AV,1,,,B,N,50.0,INTERNATIONAL BL,F,,D,7/22/2024 11:03:05 AM,1/28/2025 11:17:14 AM,,,2,,,,,,,
2463847,24-020254,2,False,0109,4/24/2024 9:40:00 PM,2140,20X,14,109,Oakland,1,True,True,D,BROADSIDE,,Wednesday,,,M,,False,False,False,,C,OTHER MOTOR VEHICLE,,0,0,C,DARK-STREET LIGHTS,,,,,,,A,NO PEDESTRIANS INVOLVED,,A,22107,,1,INTERNATIONAL BL,2,,,A,,,MITCHELL ST,,,A,7/22/2024 11:03:05 AM,1/28/2025 11:17:14 AM,,,2,,,,,,,
2463846,24-016919,2,False,0109,4/6/2024 11:16:00 AM,1116,32X,14,109,Oakland,1,True,True,C,REAR END,,Saturday,,,,,False,False,False,,E,PARKED MOTOR VEHICLE,,0,0,A,DAYLIGHT,,,,,,,A,NO PEDESTRIANS INVOLVED,,A,22107,,1,ROYAL ANN ST,2,,,A,W,20.0,103RD AV,F,,A,7/22/2024 11:03:05 AM,1/28/2025 11:17:14 AM,,,2,,,,,,,
2463845,24-017943,2,False,0109,4/12/2024 7:23:00 AM,723,35X,14,109,Oakland,1,True,True,B,SIDE SWIPE,,Friday,,,M,,False,False,False,,C,OTHER MOTOR VEHICLE,,0,0,A,DAYLIGHT,,,,,,,A,NO PEDESTRIANS INVOLVED,,A,22107,,1,THERMAL ST,2,,,A,W,25.0,94TH AV,F,,D,7/22/2024 11:03:05 AM,1/28/2025 11:17:14 AM,,,2,,,,,,,
2463844,24-012474,2,False,0109,3/11/2024 1:30:00 PM,1330,27Y,14,109,Oakland,1,True,True,A,HEAD-ON,,Monday,,,,,False,False,True,,I,FIXED OBJECT,,0,0,A,DAYLIGHT,,,,,,,A,NO PEDESTRIANS INVOLVED,,A,22350,,1,E 16TH ST,2,,,A,,,56TH AV,,,D,7/22/2024 11:03:05 AM,1/28/2025 11:17:13 AM,,,2,,,,,,,
2463843,24-013389,2,False,0109,3/16/2024 5:41:00 PM,1741,32X,14,109,Oakland,1,True,True,C,REAR END,,Saturday,,,M,,False,False,False,,C,OTHER MOTOR VEHICLE,,0,0,B,DUSK-DAWN,,,,,,,A,NO PEDESTRIANS INVOLVED,,A,22350,,1,98TH AV,1,,,A,S,200.0,INTERNATIONAL BL,F,,C,7/22/2024 11:03:04 AM,1/28/2025 11:17:13 AM,,,2,,,,,,,
2463842,24-013766,2,False,0109,3/19/2024 12:56:00 AM,56,09X,14,109,Oakland,1,True,True,C,REAR END,,Tuesday,,,M,,False,False,False,,E,PARKED MOTOR VEHICLE,,0,0,C,DARK-STREET LIGHTS,,,,,,,A,NO PEDESTRIANS INVOLVED,,A,22107,,1,BROADWAY,1,,,A,N,300.0,40TH ST,F,,A,7/22/2024 11:03:04 AM,1/28/2025 11:17:13 AM,,,2,,,,,,,
2463841,24-009918,2,False,0109,3/9/2024 8:43:00 PM,2043,19X,14,109,Oakland,1,True,True,D,BROADSIDE,,Saturday,,,,,False,False,False,,C,OTHER MOTOR VEHICLE,,0,0,C,DARK-STREET LIGHTS,,,,,,,A,NO PEDESTRIANS INVOLVED,,A,21800A,,,23RD AV,1,,,A,N,100.0,E 11TH ST,F,,A,7/22/2024 11:03:04 AM,1/28/2025 11:17:13 AM,,,2,,,,,,,
2463840,24-012207,2,False,0109,3/9/2024 11:15:00 AM,1115,15X,14,109,Oakland,1,True,True,B,SIDE SWIPE,,Saturday,,,M,,False,False,False,,C,OTHER MOTOR VEHICLE,,0,0,A,DAYLIGHT,,,,,,,A,NO PEDESTRIANS INVOLVED,,A,21453A,,1,3RD AV,1,,,A,N,150.0,FOOTHILL BL,F,,D,7/22/2024 11:03:04 AM,1/28/2025 11:17:13 AM,,,2,,,,,,,
2463839,24-010946,2,False,0109,3/3/2024 4:04:00 AM,404,19X,14,109,Oakland,1,True,True,C,REAR END,,Sunday,,,M,,False,False,False,,E,PARKED MOTOR VEHICLE,,0,0,C,DARK-STREET LIGHTS,,,,,,,A,NO PEDESTRIANS INVOLVED,,A,22107,,1,13TH AV,1,,,B,,,INTERNATIONAL BL,,,D,7/22/2024 11:03:04 AM,1/28/2025 11:17:13 AM,,,2,,,,,,,
2463838,24-011079,2,False,0109,3/3/2024 10:44:00 PM,2244,13X,14,109,Oakland,1,True,True,D,BROADSIDE,,Sunday,,,,,False,False,False,,E,PARKED MOTOR VEHICLE,,0,0,C,DARK-STREET LIGHTS,,,,,,,A,NO PEDESTRIANS INVOLVED,,C,,,,SHERIDAN RD,1,,,B,S,20.0,AGNES ST,F,,D,7/22/2024 11:03:04 AM,1/28/2025 11:17:13 AM,,,2,,,,,,,
2463837,24-012154,2,False,0109,3/9/2024 12:17:00 PM,1217,28X,14,109,Oakland,1,True,True,A,HEAD-ON,,Saturday,,,,,False,False,False,,I,FIXED OBJECT,,0,0,A,DAYLIGHT,,,,,,,A,NO PEDESTRIANS INVOLVED,,A,22107,,1,KINGSLAND AV,2,,,A,E,100.0,RAWSON ST,F,,A,7/22/2024 11:03:04 AM,1/28/2025 11:17:13 AM,,,2,,,,,,,
2463836,24-012332,2,False,0109,3/10/2024 3:56:00 PM,1556,01X,14,109,Oakland,1,True,True,B,SIDE SWIPE,,Sunday,,,,,False,False,False,,C,OTHER MOTOR VEHICLE,,0,0,A,DAYLIGHT,,,,,,,A,NO PEDESTRIANS INVOLVED,,A,21453A,,1,WASHINGTON ST,1,,,A,,,5TH ST,,,A,7/22/2024 11:03:04 AM,1/28/2025 11:17:13 AM,,,2,,,,,,,
2463834,24-000921,2,False,0109,1/5/2024 5:01:00 PM,1701,24X,14,109,Oakland,1,True,True,A,HEAD-ON,,Friday,,,,,False,False,False,,C,OTHER MOTOR VEHICLE,,1,0,B,DUSK-DAWN,,,,,,,A,NO PEDESTRIANS INVOLVED,,A,22107,,1,CONGRESS AV,2,,,A,,,HIGH ST,,,A,7/22/2024 11:03:04 AM,1/28/2025 11:17:13 AM,,,2,,,,,,,
2463821,24-003614,2,False,0109,1/21/2024 12:33:00 PM,1233,07X,14,109,Oakland,1,True,True,G,VEHICLE/PEDESTRAIN,,Sunday,,,M,,False,False,False,,B,PEDESTRIAN,,1,0,A,DAYLIGHT,,,,,,,B,CROSSING IN CROSS WALK AT INTERSECTION,,A,21950A,,1,30TH ST,1,,,A,,,SAN PABLO AV,,,A,7/22/2024 11:03:03 AM,1/28/2025 11:17:13 AM,,,2,,,,,,,
2463820,24-004628,2,False,0109,1/27/2024 5:00:00 PM,1700,324X,14,109,Oakland,1,True,True,H,OTHER,,Saturday,,,,,False,False,False,,G,BICYCLE,,1,0,A,DAYLIGHT,,,,,,,A,NO PEDESTRIANS INVOLVED,,D,,,,35TH AV,2,,,A,,,ALLENDALE AV,,,A,7/22/2024 11:03:03 AM,1/28/2025 11:17:13 AM,,,2,,,,,,,
2463819,24-001436,2,False,0109,1/8/2024 8:19:00 PM,2019,14X,14,109,Oakland,1,True,True,C,REAR END,,Monday,,,M,,False,False,True,,E,PARKED MOTOR VEHICLE,,1,0,C,DARK-STREET LIGHTS,,,,,,,A,NO PEDESTRIANS INVOLVED,,A,22107,,1,GRAND AV,1,,,A,S,200.0,LAKE PARK AV,F,,D,7/22/2024 11:03:03 AM,1/28/2025 11:17:13 AM,,,2,,,,,,,
2463818,24-004390,2,False,0109,1/27/2024 3:30:00 PM,1530,20X,14,109,Oakland,1,True,True,H,OTHER,,Saturday,,,M,,False,False,False,,G,BICYCLE,,1,0,B,DUSK-DAWN,,,,,,,A,NO PEDESTRIANS INVOLVED,,A,22107,,1,29TH AV,2,,,A,N,10.0,9TH ST,F,,A,7/22/2024 11:03:03 AM,1/28/2025 11:17:12 AM,,,2,,,,,,,
2463808,24-000018,2,False,0109,1/1/2024 2:56:00 AM,256,30X,14,109,Oakland,1,True,True,B,SIDE SWIPE,,Monday,,,,,False,False,False,,E,PARKED MOTOR VEHICLE,,1,0,C,DARK-STREET LIGHTS,,,,,,,A,NO PEDESTRIANS INVOLVED,,A,22107,,1,73RD AV,2,,,A,S,265.0,HOLLY ST,F,,A,7/22/2024 11:03:02 AM,1/28/2025 11:17:12 AM,,,2,,,,,,,
2463807,24-000797,2,False,0109,1/4/2024 11:30:00 PM,2330,19X,14,109,Oakland,1,True,True,G,VEHICLE/PEDESTRAIN,,Thursday,,,F,,False,False,False,,B,PEDESTRIAN,,1,0,C,DARK-STREET LIGHTS,,,,,,,B,CROSSING IN CROSS WALK AT INTERSECTION,,A,21950A,,1,INTERNATIONAL BL,1,,,A,S,47.0,9TH AV,F,,A,7/22/2024 11:03:02 AM,1/28/2025 11:17:12 AM,,,2,,,,,,,
2463805,24-004596,2,False,0109,1/26/2024 8:27:00 PM,2027,04X,14,109,Oakland,1,True,True,D,BROADSIDE,,Friday,,,,,False,False,False,,C,OTHER MOTOR VEHICLE,,0,0,C,DARK-STREET LIGHTS,,,,,,,A,NO PEDESTRIANS INVOLVED,,A,21453A,,1,WEBSTER ST,1,,,A,,,19TH ST,,,A,7/22/2024 11:03:02 AM,1/28/2025 11:17:12 AM,,,2,,,,,,,
2463797,24-001583,2,False,0109,1/11/2024 5:04:00 PM,1704,26Y,14,109,Oakland,1,True,True,E,HIT OBJECT,,Thursday,,,,,False,False,False,,I,FIXED OBJECT,,0,0,A,DAYLIGHT,,,,,,,A,NO PEDESTRIANS INVOLVED,,A,22107,,1,HEGENBERGER RD,2,,,A,S,1.0,BALDWIN ST,M,,D,7/22/2024 11:03:02 AM,1/28/2025 11:17:12 AM,,,2,,,,,,,
2463795,24-004224,2,False,0109,1/24/2024 4:14:00 PM,1614,21X,14,109,Oakland,1,True,True,D,BROADSIDE,,Wednesday,,,,,False,False,True,,C,OTHER MOTOR VEHICLE,,0,0,B,DUSK-DAWN,,,,,,,A,NO PEDESTRIANS INVOLVED,,A,21453A,,,FRUITVALE AV,2,,,B,,,HAROLD ST,,,A,7/22/2024 11:03:01 AM,1/28/2025 11:17:12 AM,,,2,,,,,,,
2463794,24-000147,2,False,0109,1/1/2024 4:44:00 PM,1644,19X,14,109,Oakland,1,True,True,E,HIT OBJECT,,Monday,,,M,,False,False,False,,I,FIXED OBJECT,,0,0,A,DAYLIGHT,,,,,,,A,NO PEDESTRIANS INVOLVED,,A,22107,,1,INTERNATIONAL BL,1,,,A,E,20.0,12TH AV,F,,D,7/22/2024 11:03:01 AM,1/28/2025 11:17:11 AM,,,2,,,,,,,
2463793,24-000468,2,False,0109,1/3/2024 12:45:00 AM,45,21X,14,109,Oakland,1,True,True,A,HEAD-ON,,Wednesday,,,M,,False,False,False,,E,PARKED MOTOR VEHICLE,,0,0,C,DARK-STREET LIGHTS,,,,,,,A,NO PEDESTRIANS INVOLVED,,A,22107,,1,22ND ST,2,,,B,W,75.0,26TH AV,F,,D,7/22/2024 11:03:01 AM,1/28/2025 11:17:11 AM,,,2,,,,,,,
2463792,24-001587,2,False,0109,1/9/2024 5:27:00 PM,1727,27X,14,109,Oakland,1,True,True,C,REAR END,,Tuesday,,,M,,False,False,False,,C,OTHER MOTOR VEHICLE,,0,0,B,DUSK-DAWN,,,,,,,A,NO PEDESTRIANS INVOLVED,,A,22350,,1,INTERNATIONAL BL,2,,,A,,,54TH AV,,,A,7/22/2024 11:03:01 AM,1/28/2025 11:17:11 AM,,,2,,,,,,,
2463791,24-000878,2,False,0109,1/5/2024 11:53:00 AM,1153,02X,14,109,Oakland,1,True,True,D,BROADSIDE,,Friday,,,,,False,False,False,,C,OTHER MOTOR VEHICLE,,0,0,A,DAYLIGHT,,,,,,,A,NO PEDESTRIANS INVOLVED,,A,21801A,,1,5TH ST,1,,,A,,,BRUSH ST,,,A,7/22/2024 11:03:01 AM,1/28/2025 11:17:11 AM,,,2,,,,,,,
2463790,24-002501,2,False,0109,1/15/2024 5:05:00 PM,1705,35X,14,109,Oakland,1,True,True,D,BROADSIDE,,Monday,,,M,,False,False,False,,E,PARKED MOTOR VEHICLE,,0,0,C,DARK-STREET LIGHTS,,,,,,,A,NO PEDESTRIANS INVOLVED,,A,22107,,1,LAWLOR ST,2,,,B,,,98TH AV,,,D,7/22/2024 11:03:01 AM,1/28/2025 11:17:11 AM,,,2,,,,,,,
2463789,24-003078,2,False,0109,1/18/2024 6:25:00 PM,1825,28X,14,109,Oakland,1,True,True,H,OTHER,,Thursday,,,,,False,False,False,,E,PARKED MOTOR VEHICLE,,0,0,C,DARK-STREET LIGHTS,,,,,,,A,NO PEDESTRIANS INVOLVED,,A,22106,,1,55TH AV,2,,,A,E,10.0,MORSE DR,F,,D,7/22/2024 11:03:01 AM,1/28/2025 11:17:11 AM,,,2,,,,,,,
2463788,24-003571,2,False,0109,1/21/2024 4:00:00 AM,400,04X,14,109,Oakland,1,True,True,D,BROADSIDE,,Sunday,,,M,,False,False,False,,C,OTHER MOTOR VEHICLE,,0,0,C,DARK-STREET LIGHTS,,,,,,,A,NO PEDESTRIANS INVOLVED,,A,22107,,1,WEBSTER ST,2,,,B,N,60.0,21ST ST,F,,D,7/22/2024 11:03:01 AM,1/28/2025 11:17:11 AM,,,2,,,,,,,
2463787,24-003375,2,False,0109,1/20/2024 12:10:00 AM,10,31X,14,109,Oakland,1,True,True,C,REAR END,,Saturday,,,F,,False,True,False,,C,OTHER MOTOR VEHICLE,,0,0,C,DARK-STREET LIGHTS,,,,,,,A,NO PEDESTRIANS INVOLVED,,A,22350,,1,98TH AV,2,,,B,S,6.0,RT 880,F,,A,7/22/2024 11:03:01 AM,1/28/2025 11:17:11 AM,,,2,,,,,,,
2463786,24-003702,2,False,0109,1/21/2024 8:20:00 PM,2020,23X,14,109,Oakland,1,True,True,B,SIDE SWIPE,,Sunday,,,M,,False,False,False,,E,PARKED MOTOR VEHICLE,,0,0,D,DARK-NO STREET LIGHTS,,,,,,,A,NO PEDESTRIANS INVOLVED,,A,22107,,1,36TH AV,2,,,B,S,40.0,18TH ST,F,,D,7/22/2024 11:03:01 AM,1/28/2025 11:17:11 AM,,,2,,,,,,,
2463785,24-004244,2,False,0109,1/24/2024 7:13:00 PM,1913,35X,14,109,Oakland,1,True,True,C,REAR END,,Wednesday,,,M,,False,False,False,,C,OTHER MOTOR VEHICLE,,0,0,C,DARK-STREET LIGHTS,,,,,,,A,NO PEDESTRIANS INVOLVED,,A,22350,,1,MACARTHUR BL,2,,,A,W,50.0,90TH AV,F,,A,7/22/2024 11:03:01 AM,1/28/2025 11:17:11 AM,,,2,,,,,,,
2463784,24-004630,2,False,0109,1/27/2024 1:18:00 AM,118,27X,14,109,Oakland,1,True,True,A,HEAD-ON,,Saturday,,,M,,False,False,False,,E,PARKED MOTOR VEHICLE,,0,0,C,DARK-STREET LIGHTS,,,,,,,A,NO PEDESTRIANS INVOLVED,,A,22350,,1,YGNACIO AV,2,,,A,N,20.0,51ST AV,F,,A,7/22/2024 11:03:01 AM,1/28/2025 11:17:11 AM,,,2,,,,,,,
2463783,24-004815,2,False,0109,1/27/2024 2:51:00 AM,251,17X,14,109,Oakland,1,True,True,B,SIDE SWIPE,,Saturday,,,M,,False,False,False,,E,PARKED MOTOR VEHICLE,,0,0,C,DARK-STREET LIGHTS,,,,,,,A,NO PEDESTRIANS INVOLVED,,A,22107,,1,17TH ST,1,,,A,E,50.0,5TH AV,F,,D,7/22/2024 11:03:01 AM,1/28/2025 11:17:11 AM,,,2,,,,,,,
2463782,24-005047,2,False,0109,1/29/2024 12:30:00 PM,1230,23X,14,109,Oakland,1,True,True,D,BROADSIDE,,Monday,,,,,False,False,False,,C,OTHER MOTOR VEHICLE,,0,0,A,DAYLIGHT,,,,,,,A,NO PEDESTRIANS INVOLVED,,A,21453A,,1,HIGH ST,2,,,A,,,RT 880,,,A,7/22/2024 11:03:01 AM,1/28/2025 11:17:11 AM,,,2,,,,,,,
2463781,24-005650,2,False,0109,1/31/2024 10:30:00 PM,2230,06X,14,109,Oakland,1,True,True,H,OTHER,,Wednesday,,,M,,False,False,False,,C,OTHER MOTOR VEHICLE,,0,0,C,DARK-STREET LIGHTS,,,,,,,A,NO PEDESTRIANS INVOLVED,,A,22107,,1,WEST ST,1,,,A,N,50.0,29TH ST,F,,D,7/22/2024 11:03:01 AM,1/28/2025 11:17:11 AM,,,2,,,,,,,
2463780,24-005627,2,False,0109,1/31/2024 6:36:00 PM,1836,15X,14,109,Oakland,1,True,True,A,HEAD-ON,,Wednesday,,,,,False,False,False,,I,FIXED OBJECT,,0,0,D,DARK-NO STREET LIGHTS,,,,,,,A,NO PEDESTRIANS INVOLVED,,A,22107,,1,LAKESHORE AV,1,,,B,S,115.0,WESLEY AV,F,,D,7/22/2024 11:03:01 AM,1/28/2025 11:17:11 AM,,,2,,,,,,,
2463642,21-004741,2,False,0109,1/27/2024 4:35:00 PM,1635,17X,14,109,Oakland,1,True,True,D,BROADSIDE,,Saturday,,,,,False,False,False,,C,OTHER MOTOR VEHICLE,,1,0,A,DAYLIGHT,,,,,,,A,NO PEDESTRIANS INVOLVED,,A,21802A,,1,E 19TH ST,1,,,A,,,8TH AV,,,A,7/22/2024 11:02:52 AM,1/28/2025 11:17:05 AM,,,2,,,,,,,
2463554,24-010374,2,False,0109,2/28/2024 4:56:00 PM,1656,12X,14,109,Oakland,1,True,True,H,OTHER,,Wednesday,,,,,False,False,False,,E,PARKED MOTOR VEHICLE,,0,0,A,DAYLIGHT,,,,,,,A,NO PEDESTRIANS INVOLVED,,A,22106,,1,49TH ST,1,,,A,W,10.0,TELEGRAPH AV,F,,D,7/22/2024 11:02:46 AM,1/28/2025 11:17:00 AM,,,2,,,,,,,
2463553,24-005672,2,False,0109,2/1/2024 8:30:00 PM,2030,26X,14,109,Oakland,1,True,True,C,REAR END,,Thursday,,,M,,False,False,False,,C,OTHER MOTOR VEHICLE,,0,0,C,DARK-STREET LIGHTS,,,,,,,A,NO PEDESTRIANS INVOLVED,,A,22350,,1,INTERNATIONAL BL,2,,,B,E,40.0,62ND AV,F,,D,7/22/2024 11:02:46 AM,1/28/2025 11:17:00 AM,,,2,,,,,,,
2463552,24-005903,2,False,0109,2/2/2024 11:59:00 AM,1159,31X,14,109,Oakland,1,True,True,B,SIDE SWIPE,,Friday,,,,,False,False,False,,C,OTHER MOTOR VEHICLE,,0,0,A,DAYLIGHT,,,,,,,A,NO PEDESTRIANS INVOLVED,,A,22107,,1,HEGENBERGER RD,2,,,B,S,200.0,HEGENBERGER LOOP,F,,D,7/22/2024 11:02:46 AM,1/28/2025 11:17:00 AM,,,2,,,,,,,
2463530,24-009440,2,False,0109,2/21/2024 7:06:00 PM,1906,12X,14,109,Oakland,1,True,True,B,SIDE SWIPE,,Wednesday,,,,,False,False,False,,E,PARKED MOTOR VEHICLE,,0,0,C,DARK-STREET LIGHTS,,,,,,,A,NO PEDESTRIANS INVOLVED,,A,23152,,1,CLAREMONT AV,1,,,A,N,100.0,FOREST,F,,A,7/22/2024 11:02:45 AM,1/28/2025 11:16:59 AM,,,2,,,,,,,
2463529,24-008623,2,False,0109,2/17/2024 4:22:00 PM,1622,22X,14,109,Oakland,1,True,True,H,OTHER,,Saturday,,,,,False,False,False,,C,OTHER MOTOR VEHICLE,,0,0,A,DAYLIGHT,,,,,,,A,NO PEDESTRIANS INVOLVED,,A,22106,,1,DIMOND AV,2,,,B,N,75.0,MACARTHUR BL,F,,A,7/22/2024 11:02:45 AM,1/28/2025 11:16:59 AM,,,2,,,,,,,
2463528,24-008649,2,False,0109,2/18/2024 8:30:00 AM,830,19X,14,109,Oakland,1,True,True,A,HEAD-ON,,Sunday,,,M,,False,False,True,,E,PARKED MOTOR VEHICLE,,0,0,A,DAYLIGHT,,,,,,,A,NO PEDESTRIANS INVOLVED,,A,23152A,,1,5TH AV,1,,,A,S,130.0,E 15TH ST,F,,D,7/22/2024 11:02:45 AM,1/28/2025 11:16:59 AM,,,2,,,,,,,
2463341,24-015017,2,False,0109,3/25/2024 5:09:00 PM,1709,07X,14,109,Oakland,1,True,True,D,BROADSIDE,,Monday,,,,,False,False,False,,C,OTHER MOTOR VEHICLE,,2,0,A,DAYLIGHT,,,,,,,A,NO PEDESTRIANS INVOLVED,,A,21802A,,1,ADELINE ST,1,,,A,,,28TH ST,,,D,7/22/2024 11:02:34 AM,1/28/2025 11:16:51 AM,,,2,,,,,,,
2463340,24-14287,2,False,0109,3/21/2024 12:16:00 PM,1216,32X,14,109,Oakland,1,True,True,D,BROADSIDE,,Thursday,,,M,,False,False,True,,C,OTHER MOTOR VEHICLE,,1,0,A,DAYLIGHT,,,,,,,A,NO PEDESTRIANS INVOLVED,,A,21453A,,1,SAN LEANDRO ST,2,,,A,,,5 S 98TH AV,,,A,7/22/2024 11:02:34 AM,1/28/2025 11:16:51 AM,,,2,,,,,,,