collision-id,report-number,report-version,is-preliminary,ncic-code,crash-date-time,crash-time-description,beat,city-id,city-code,city-name,county-code,city-is-active,city-is-incorporated,collision-type-code,collision-type-description,collision-type-other-desc,day-of-week,dispatch-notified,has-photographs,hit-run,is-attachments-mailed,is-deleted,is-highway-related,is-tow-away,judicial-district,motor-vehicle-involved-with-code,motor-vehicle-involved-with-desc,motor-vehicle-involved-with-other-desc,number-injured,number-killed,lighting-code,lighting-description,latitude,longitude,milepost-direction,milepost-distance,milepost-marker,milepost-unit-of-measure,pedestrian-action-code,pedestrian-action-desc,prepared-date,primary-collision-factor-code,primary-collision-factor-description,primary-collision-factor-is-cited,primary-collision-party-number,primary-road,reporting-district,reporting-district-code,reviewed-date,roadway-surface-code,secondary-direction,secondary-distance,secondary-road,secondary-unit-of-measure,sketch-desc,traffic-control-device-code,created-date,modified-date,is-county-road,is-freeway,chp-555-version,is-additonal-object-struck,notification-date,notification-time-description,has-digital-media-files,evidence-number,is-location-refer-to-narrative,is-aoi-one-same-as-location
2726208,24-015044,2,False,0109,3/25/2024 9:35:00 PM,2135,23X,14,109,Oakland,1,True,True,B,SIDE SWIPE,,Monday,,,,,False,False,False,,E,PARKED MOTOR VEHICLE,,0,0,C,DARK-STREET LIGHTS,,,,,,,A,NO PEDESTRIANS INVOLVED,,A,23152,,1,WOODBINE AV,2,,,A,W,1.0,FRUITVALE AV,M,,D,7/26/2024 8:47:52 AM,1/28/2025 11:38:15 AM,,,2,,,,,,,
2726202,24-011722,2,False,0109,3/7/2024 5:42:00 AM,542,32X,14,109,Oakland,1,True,True,D,BROADSIDE,,Thursday,,,M,,False,False,True,,C,OTHER MOTOR VEHICLE,,0,0,C,DARK-STREET LIGHTS,,,,,,,A,NO PEDESTRIANS INVOLVED,,A,21802A,,1,98TH AV,2,,,A,,,D ST,,,D,7/26/2024 8:47:52 AM,1/28/2025 11:38:15 AM,,,2,,,,,,,
2726187,24-012937,2,False,0109,3/14/2024 5:40:00 AM,540,30X,14,109,Oakland,1,True,True,A,HEAD-ON,,Thursday,,,,,False,False,False,,I,FIXED OBJECT,,0,0,C,DARK-STREET LIGHTS,,,,,,,A,NO PEDESTRIANS INVOLVED,,A,22107,,1,73RD AV,2,,,A,S,15.0,BANCROFT AV,F,,A,7/26/2024 8:47:51 AM,1/28/2025 11:38:14 AM,,,2,,,,,,,
2726183,24-013765,2,False,0109,3/19/2024 2:02:00 AM,202,31Y,14,109,Oakland,1,True,True,H,OTHER,,Tuesday,,,F,,False,False,False,,E,PARKED MOTOR VEHICLE,,0,0,C,DARK-STREET LIGHTS,,,,,,,A,NO PEDESTRIANS INVOLVED,,D,,,,CORAL ST,2,,,A,N,100.0,CAIRO RD,F,,D,7/26/2024 8:47:50 AM,1/28/2025 11:38:14 AM,,,2,,,,,,,
2726130,24-015178,2,False,0109,3/26/2024 5:34:00 PM,1734,31X,14,109,Oakland,1,True,True,B,SIDE SWIPE,,Tuesday,,,,,False,False,False,,C,OTHER MOTOR VEHICLE,,0,0,A,DAYLIGHT,,,,,,,F,NOT IN ROAD,,A,22107,,2,HEGENBERGER RD,2,,,A,S,20.0,HEGENBERGER LOOP,F,,A,7/26/2024 8:47:47 AM,1/28/2025 11:38:15 AM,,,2,,,,,,,
2726125,24-013675,2,False,0109,3/18/2024 2:56:00 PM,1456,24X,14,109,Oakland,1,True,True,D,BROADSIDE,,Monday,,,,,False,False,False,,D,MOTOR VEHICLE ON OTHER ROADWAY,,0,0,A,DAYLIGHT,,,,,,,A,NO PEDESTRIANS INVOLVED,,A,21804A,,1,35TH AV,2,,,A,N,130.0,HEGEMAN AV,F,,A,7/26/2024 8:47:46 AM,1/28/2025 11:38:14 AM,,,2,,,,,,,
2725993,24-007872,2,False,0109,2/13/2024 5:30:00 PM,1730,29X,14,109,Oakland,1,True,True,C,REAR END,,Tuesday,,,M,,False,False,True,,C,OTHER MOTOR VEHICLE,,1,0,A,DAYLIGHT,,,,,,,A,NO PEDESTRIANS INVOLVED,,A,22350,,1,MACARTHUR BL,2,,,A,,,69TH AV,,,A,7/26/2024 8:47:36 AM,1/28/2025 11:28:59 AM,,,2,,,,,,,
2725978,24-025310,2,False,0109,5/22/2024 3:00:00 PM,1500,,14,109,Oakland,1,True,True,B,SIDE SWIPE,,Wednesday,,,,,False,False,False,,C,OTHER MOTOR VEHICLE,,1,0,A,DAYLIGHT,,,,,,,A,NO PEDESTRIANS INVOLVED,,A,22107,,1,13TH AV,1,,,A,S,30.0,E 32ND ST,F,,D,7/26/2024 8:47:35 AM,1/28/2025 11:28:50 AM,,,2,,,,,,,
2725951,24-013491,2,False,0109,3/17/2024 1:04:00 PM,1304,19X,14,109,Oakland,1,True,True,D,BROADSIDE,,Sunday,,,M,,False,False,True,,C,OTHER MOTOR VEHICLE,,1,0,A,DAYLIGHT,,,,,,,A,NO PEDESTRIANS INVOLVED,,A,22106,,1,FOOTHILL BL,1,,,A,W,25.0,21ST AV,F,,D,7/26/2024 8:47:33 AM,1/28/2025 11:17:28 AM,,,2,,,,,,,
2725801,24-018926,2,False,0109,4/17/2024 9:51:00 AM,951,24X,14,109,Oakland,1,True,True,C,REAR END,,Wednesday,,,,,False,False,False,,C,OTHER MOTOR VEHICLE,,1,0,A,DAYLIGHT,,,,,,,A,NO PEDESTRIANS INVOLVED,,D,,,,FOOTHILL BL,2,,,A,,,CROSBY,,,D,7/26/2024 8:47:22 AM,1/28/2025 11:18:13 AM,,,2,,,,,,,
2700267,9370-2024-02306,1,False,9370,7/18/2024 10:15:00 PM,2215,177,14,109,Oakland,1,True,True,B,SIDE SWIPE,,Thursday,Yes,False,,,False,True,False,ALAMEDA SUPERIOR COURT WILEY W. MANUEL COURTHOUSE,C,OTHER MOTOR VEHICLE,,1,0,D,DARK-NO STREET LIGHTS,37.793029,-122.263158,,,,,A,NO PEDESTRIANS INVOLVED,7/18/2024 10:15:00 PM,A,VC 21658(a),False,,I-880 N/B,,,7/26/2024 7:04:05 AM,A,S,1200.0,OAK STREET,F,,D,7/26/2024 7:04:07 AM,7/26/2024 7:04:07 AM,False,True,4,,7/18/2024 10:20:00 PM,2220,False,,,True
2700245,9370-2024-02359,1,False,9370,7/18/2024 6:30:00 PM,1830,176,14,109,Oakland,1,True,True,C,REAR END,,Thursday,NotApplicable,False,M,,False,True,False,ALAMEDA SUPERIOR COURT WILEY W. MANUEL COURTHOUSE,C,OTHER MOTOR VEHICLE,,0,0,A,DAYLIGHT,37.775386,-122.234553,,,,,A,NO PEDESTRIANS INVOLVED,7/18/2024 6:30:00 PM,A,VC 22350,False,1,I-880 S/B,,,7/26/2024 6:36:47 AM,A,N,315.0,29TH AVE,F,,D,7/26/2024 6:36:49 AM,7/26/2024 6:36:49 AM,False,True,4,,7/18/2024 6:41:00 PM,1841,False,,,
2700244,9370-2024-02345,1,False,9370,7/18/2024 10:16:00 AM,1016,052,14,109,Oakland,1,True,True,B,SIDE SWIPE,,Thursday,NotApplicable,False,M,,False,True,False,ALAMEDA SUPERIOR COURT WILEY W. MANUEL COURTHOUSE,C,OTHER MOTOR VEHICLE,,0,0,A,DAYLIGHT,37.76594,-122.151938,,,,,A,NO PEDESTRIANS INVOLVED,7/18/2024 10:16:00 AM,A,VC 21658(a),False,1,I-580 WESTBOUND,,,7/26/2024 6:33:56 AM,A,E,2560.0,KELLER AVENUE,F,,D,7/26/2024 6:33:57 AM,7/26/2024 6:33:57 AM,False,True,4,,7/18/2024 10:17:00 AM,1017,False,,,True
2700231,9370-2024-02275,1,False,9370,7/16/2024 1:58:00 AM,158,177,14,109,Oakland,1,True,True,C,REAR END,,Tuesday,NotApplicable,False,M,,False,True,False,ALAMEDA SUPERIOR COURT WILEY W. MANUEL COURTHOUSE,C,OTHER MOTOR VEHICLE,,0,0,B,DUSK-DAWN,37.80175,-122.295014,,,,,A,NO PEDESTRIANS INVOLVED,7/16/2024 1:58:00 AM,C,,,,I-880 S/B,,,7/26/2024 6:18:20 AM,A,N,1338.0,5TH ST,F,,D,7/26/2024 6:18:21 AM,7/26/2024 6:18:21 AM,False,True,4,,7/16/2024 12:00:00 AM,200,False,,,True
2700230,9370-2024-02262,1,False,9370,7/14/2024 9:08:00 PM,2108,176,14,109,Oakland,1,True,True,B,SIDE SWIPE,,Sunday,NotApplicable,False,,,False,True,False,ALAMEDA SUPERIOR COURT WILEY W. MANUEL COURTHOUSE,C,OTHER MOTOR VEHICLE,,0,0,D,DARK-NO STREET LIGHTS,37.77322,-122.228367,,,,,A,NO PEDESTRIANS INVOLVED,7/14/2024 9:08:00 PM,A,VC 21658(a),False,1,I-880 N/B,,,7/26/2024 6:16:44 AM,A,S,85.0,FRUITVALE AVENUE,F,,D,7/26/2024 6:16:50 AM,7/26/2024 6:16:50 AM,False,True,4,,7/14/2024 9:09:00 PM,2109,False,,,
2700219,9370-2024-02251,1,False,9370,7/14/2024 4:15:00 AM,415,176,14,109,Oakland,1,True,True,E,HIT OBJECT,,Sunday,NotApplicable,False,,,False,True,False,ALAMEDA SUPERIOR COURT WILEY W. MANUEL COURTHOUSE,I,FIXED OBJECT,ASCENDING EMBANKMENT,0,0,C,DARK-STREET LIGHTS,37.75739,-122.210735,,,,,A,NO PEDESTRIANS INVOLVED,7/14/2024 4:15:00 AM,A,VC 23152(A),True,1,I-880 N/B,,,7/26/2024 6:01:44 AM,A,N,1430.0,66TH AVE,F,,D,7/26/2024 6:01:46 AM,7/26/2024 6:01:46 AM,False,True,4,,7/14/2024 4:20:00 AM,420,False,,,True
2700216,9370-2024-02243,1,False,9370,7/12/2024 5:55:00 AM,555,055,14,109,Oakland,1,True,True,E,HIT OBJECT,,Friday,Yes,False,,,False,True,True,ALAMEDA SUPERIOR COURT WILEY W. MANUEL COURTHOUSE,I,FIXED OBJECT,CONCRETE BARRIER WALL,0,0,A,DAYLIGHT,37.827618,-122.283589,,,,,A,NO PEDESTRIANS INVOLVED,7/12/2024 5:55:00 AM,A,VC 23152(a),True,1,I-580 W/B,,,7/26/2024 5:51:48 AM,A,W,690.0,PERALTA ST,F,,D,7/26/2024 5:51:50 AM,7/26/2024 5:51:50 AM,False,True,4,,7/12/2024 5:59:00 AM,559,False,,,True
2602248,9370-2024-02312,1,False,9370,7/19/2024 12:40:00 PM,1240,176,14,109,Oakland,1,True,True,B,SIDE SWIPE,,Friday,NotApplicable,False,,,False,True,False,ALAMEDA SUPERIOR COURT WILEY W. MANUEL COURTHOUSE,C,OTHER MOTOR VEHICLE,,0,0,A,DAYLIGHT,37.769046,-122.221141,,,,,A,NO PEDESTRIANS INVOLVED,7/19/2024 12:40:00 PM,A,VC 21658(A),False,1,I-880 S/B,,,7/25/2024 1:29:50 PM,A,N,340.0,HIGH STREET,F,,D,7/25/2024 1:29:53 PM,7/25/2024 1:29:53 PM,False,True,4,,7/19/2024 1:00:00 PM,1300,False,,,True
2602231,9370-2024-02296,1,False,9370,7/17/2024 3:14:00 PM,1514,008,14,109,Oakland,1,True,True,B,SIDE SWIPE,,Wednesday,NotApplicable,False,M,,False,True,False,ALAMEDA SUPERIOR COURT WILEY W. MANUEL COURTHOUSE,C,OTHER MOTOR VEHICLE,,0,0,A,DAYLIGHT,37.82334,-122.316741,,,,,A,NO PEDESTRIANS INVOLVED,7/17/2024 3:14:00 PM,A,VC 21658(A),False,1,I-80 E/B,,,7/25/2024 1:18:57 PM,A,E,200.0,SFOBB TOLL PLAZA,F,,D,7/25/2024 1:18:59 PM,7/25/2024 1:18:59 PM,False,True,4,,7/17/2024 3:19:00 PM,1519,False,,,True
2602203,9370-2024-02271,1,False,9370,7/15/2024 2:30:00 PM,1430,177,14,109,Oakland,1,True,True,B,SIDE SWIPE,,Monday,NotApplicable,False,,,False,True,False,ALAMEDA SUPERIOR COURT WILEY W. MANUEL COURTHOUSE,C,OTHER MOTOR VEHICLE,,1,0,A,DAYLIGHT,37.779364,-122.237414,,,,,A,NO PEDESTRIANS INVOLVED,7/15/2024 2:30:00 PM,A,VC 21658(a),False,1,I-880 NORTHBOUND FROM 23RD AVENUE,,,7/25/2024 12:54:00 PM,A,N,116.0,23RD AVENUE,F,,A,7/25/2024 12:54:03 PM,7/25/2024 12:54:03 PM,False,True,4,,7/15/2024 2:36:00 PM,1436,False,,,True
2602130,9370-2024-02313,1,False,9370,7/19/2024 11:05:00 AM,1105,052,14,109,Oakland,1,True,True,D,BROADSIDE,,Friday,NotApplicable,False,,,False,True,True,ALAMEDA SUPERIOR COURT WILEY W. MANUEL COURTHOUSE,C,OTHER MOTOR VEHICLE,,0,0,A,DAYLIGHT,37.777222,-122.165906,,,,,A,NO PEDESTRIANS INVOLVED,7/19/2024 11:05:00 AM,A,VC 22350,False,1,I-580 W/B,,,7/25/2024 11:57:20 AM,A,W,600.0,EDWARDS AVE,F,,D,7/25/2024 11:57:22 AM,7/25/2024 11:57:22 AM,False,True,4,True,7/19/2024 11:15:00 AM,1115,False,,,
4020914,24-020789,2,False,0109,4/9/2024 9:27:00 PM,2127,33X,14,109,Oakland,1,True,True,G,VEHICLE/PEDESTRAIN,,Tuesday,,,M,,False,False,False,,B,PEDESTRIAN,,1,0,B,DUSK-DAWN,,,,,,,B,CROSSING IN CROSS WALK AT INTERSECTION,,A,21950A,,1,D ST,2,,,A,S,5.0,98TH AV,F,,A,8/12/2024 8:20:51 AM,1/28/2025 11:42:26 AM,,,2,,,,,,,
4020675,9370-2024-01896,1,False,9370,6/9/2024 12:45:00 AM,45,054,14,109,Oakland,1,True,True,D,BROADSIDE,,Sunday,Yes,False,M,,False,True,True,ALAMEDA SUPERIOR COURT WILEY W. MANUEL COURTHOUSE,C,OTHER MOTOR VEHICLE,,1,0,D,DARK-NO STREET LIGHTS,37.810952,-122.249333,,,,,A,NO PEDESTRIANS INVOLVED,6/9/2024 12:45:00 AM,C,,,,I-580 W/B,,,8/12/2024 6:28:11 AM,A,E,600.0,GRAND AVE,F,,D,8/12/2024 6:28:14 AM,8/12/2024 6:28:14 AM,False,True,4,,6/9/2024 12:50:00 AM,50,False,,,True
4020636,9370-2024-02509,1,False,9370,8/7/2024 5:25:00 PM,1725,055,14,109,Oakland,1,True,True,B,SIDE SWIPE,,Wednesday,NotApplicable,False,,,False,True,False,ALAMEDA SUPERIOR COURT WILEY W. MANUEL COURTHOUSE,C,OTHER MOTOR VEHICLE,,0,0,A,DAYLIGHT,37.82673,-122.287664,,,,,A,NO PEDESTRIANS INVOLVED,8/7/2024 5:25:00 PM,B,UNSAFE MERGE,,1,I-580 W/B TO I-80 E/B,,,8/12/2024 6:01:57 AM,A,E,500.0,MANDELA PARKWAY,F,,D,8/12/2024 6:01:58 AM,8/12/2024 6:01:58 AM,False,True,4,,8/7/2024 6:00:00 PM,1800,False,,,True
4020631,9370-2024-02462,1,False,9370,8/2/2024 2:50:00 PM,1450,052,14,109,Oakland,1,True,True,B,SIDE SWIPE,,Friday,NotApplicable,False,M,,False,True,True,ALAMEDA SUPERIOR COURT WILEY W. MANUEL COURTHOUSE,C,OTHER MOTOR VEHICLE,,0,0,A,DAYLIGHT,37.749817,-122.151105,,,,,A,NO PEDESTRIANS INVOLVED,8/2/2024 2:50:00 PM,A,VC 21658(A),False,1,I-580 W/B,,,8/12/2024 5:58:03 AM,A,E,1340.0,98TH AVE,F,,D,8/12/2024 5:58:06 AM,8/12/2024 5:58:06 AM,False,True,4,,8/2/2024 3:00:00 PM,1500,False,,,True
4019279,24-011832,2,False,0109,3/7/2024 4:38:00 PM,1638,18X,14,109,Oakland,1,True,True,B,SIDE SWIPE,,Thursday,,,,,False,False,False,,C,OTHER MOTOR VEHICLE,,0,0,A,DAYLIGHT,,,,,,,A,NO PEDESTRIANS INVOLVED,,A,22107,,,14TH AV,1,,,A,S,250.0,17TH ST,F,,D,8/9/2024 12:20:35 PM,1/28/2025 11:34:05 AM,,,2,,,,,,,
4019236,24000416,2,False,0109,1/2/2024 4:05:00 PM,1605,28X,14,109,Oakland,1,True,True,C,REAR END,,Tuesday,,,M,,False,False,False,,E,PARKED MOTOR VEHICLE,,0,0,A,DAYLIGHT,,,,,,,,,,A,22350,,1,BROOKDALE AV,2,,,A,E,200.0,KINGSLAND AV,F,,D,8/9/2024 11:55:34 AM,1/28/2025 11:42:43 AM,,,2,,,,,,,
4019172,24-023415,2,False,0109,5/12/2024 11:56:00 AM,1156,31Z,14,109,Oakland,1,True,True,E,HIT OBJECT,,Sunday,,,M,,False,False,False,,I,FIXED OBJECT,,0,0,A,DAYLIGHT,,,,,,,A,NO PEDESTRIANS INVOLVED,,A,22107,,1,PEARMAIN ST,2,,,A,W,20.0,105TH AV,F,,D,8/9/2024 11:10:33 AM,1/28/2025 11:39:53 AM,,,2,,,,,,,
4019016,24-022922,2,False,0109,5/9/2024 5:39:00 PM,1739,07X,14,109,Oakland,1,True,True,D,BROADSIDE,,Thursday,,,,,False,False,False,,C,OTHER MOTOR VEHICLE,,1,0,A,DAYLIGHT,,,,,,,A,NO PEDESTRIANS INVOLVED,,A,21800A,,1,35TH ST,1,,,A,,,ADELINE ST,,,A,8/9/2024 9:50:31 AM,1/28/2025 11:37:20 AM,,,2,,,,,,,
4018999,24-025308,2,False,0109,5/22/2024 2:28:00 PM,1428,31X,14,109,Oakland,1,True,True,D,BROADSIDE,,Wednesday,,,M,,False,False,True,,C,OTHER MOTOR VEHICLE,,1,0,A,DAYLIGHT,,,,,,,A,NO PEDESTRIANS INVOLVED,,A,21453A,,1,HEGENBERGER RD,2,,,A,,,EDGEWATER DR,,,A,8/9/2024 9:45:31 AM,1/28/2025 11:37:20 AM,,,2,,,,,,,
4018861,24-005951,2,False,0109,2/2/2024 3:52:00 PM,1552,12X,14,109,Oakland,1,True,True,D,BROADSIDE,,Friday,,,,,False,False,False,,C,OTHER MOTOR VEHICLE,,2,0,A,DAYLIGHT,,,,,,,A,NO PEDESTRIANS INVOLVED,,A,21651A,,1,MARTIN LUTHER KING WY,2,,,A,S,50.0,31ST ST,F,,D,8/9/2024 8:55:27 AM,1/28/2025 11:42:44 AM,,,2,,,,,,,
4018834,24-006919,2,False,0109,2/8/2024 12:23:00 AM,23,19X,14,109,Oakland,1,True,True,B,SIDE SWIPE,,Thursday,,,,,False,False,False,,C,OTHER MOTOR VEHICLE,,1,0,C,DARK-STREET LIGHTS,,,,,,,A,NO PEDESTRIANS INVOLVED,,A,22350,,1,9TH AVE,1,,,A,,,INTERNATIONAL BL,,,A,8/9/2024 8:55:25 AM,1/28/2025 11:42:44 AM,,,2,,,,,,,
4018786,24-007287,2,False,0109,2/10/2024 11:37:00 AM,1137,23X,14,109,Oakland,1,True,True,D,BROADSIDE,,Saturday,,,M,,False,False,True,,C,OTHER MOTOR VEHICLE,,3,0,A,DAYLIGHT,,,,,,,A,NO PEDESTRIANS INVOLVED,,A,22350,,1,39TH AV,2,,,A,,,SAN LEANDRO ST,,,A,8/9/2024 8:55:22 AM,1/28/2025 11:40:23 AM,,,2,,,,,,,
4018777,24-010032,2,False,0109,2/26/2024 4:04:00 PM,1604,23X,14,109,Oakland,1,True,True,D,BROADSIDE,,Monday,,,,,False,False,False,,C,OTHER MOTOR VEHICLE,,1,0,A,DAYLIGHT,,,,,,,A,NO PEDESTRIANS INVOLVED,,A,21453A,,1,HIGH ST,2,,,A,,,FOOTHILL BL,,,A,8/9/2024 8:55:21 AM,1/28/2025 11:40:23 AM,,,2,,,,,,,
4018729,24005783,2,False,0109,2/1/2024 1:04:00 PM,1304,22X,14,109,Oakland,1,True,True,B,SIDE SWIPE,,Thursday,,,,,False,False,False,,E,PARKED MOTOR VEHICLE,,0,0,A,DAYLIGHT,,,,,,,A,NO PEDESTRIANS INVOLVED,,A,22350,,1,MELVIN RD,2,,,B,,,MELVIN CT,,,D,8/9/2024 8:55:17 AM,1/28/2025 11:36:33 AM,,,2,,,,,,,
4018699,24009075,2,False,0109,2/21/2024 4:25:00 PM,1625,07X,14,109,Oakland,1,True,True,D,BROADSIDE,,Wednesday,,,,,False,False,False,,C,OTHER MOTOR VEHICLE,,0,0,A,DAYLIGHT,,,,,,,A,NO PEDESTRIANS INVOLVED,,A,21802A,,1,34TH ST,1,,,B,,,LOUISE ST,,,A,8/9/2024 8:55:15 AM,1/28/2025 11:42:42 AM,,,2,,,,,,,
4018695,24-019237,2,False,0109,4/18/2024 10:00:00 PM,2200,06X,14,109,Oakland,1,True,True,E,HIT OBJECT,,Thursday,,,,,False,False,False,,I,FIXED OBJECT,,0,0,C,DARK-STREET LIGHTS,,,,,,,A,NO PEDESTRIANS INVOLVED,,A,23152A,,1,WEST ST,1,,,A,,,39TH ST,,,D,8/9/2024 8:55:15 AM,1/28/2025 11:37:20 AM,,,2,,,,,,,
4018693,24-016979,2,False,0109,4/6/2024 11:17:00 PM,2317,09X,14,109,Oakland,1,True,True,E,HIT OBJECT,,Saturday,,,,,False,False,True,,J,OTHER OBJECT,,0,0,C,DARK-STREET LIGHTS,,,,,,,E,IN ROAD - INCLUDES SHOULDER,,A,23152A,,1,BROADWAY,1,,,A,S,15.0,41ST ST,F,,A,8/9/2024 8:55:15 AM,1/28/2025 11:37:20 AM,,,2,,,,,,,
4018691,24-019243,2,False,0109,4/18/2024 11:59:00 PM,2359,21X,14,109,Oakland,1,True,True,C,REAR END,,Thursday,,,,,False,False,True,,E,PARKED MOTOR VEHICLE,,0,0,C,DARK-STREET LIGHTS,,,,,,,A,NO PEDESTRIANS INVOLVED,,A,23152A,,1,BONA ST,2,,,A,W,12.0,FRUITVALE AV,F,,D,8/9/2024 8:55:15 AM,1/28/2025 11:37:20 AM,,,2,,,,,,,
4018660,24-007178,2,False,0109,2/9/2024 3:40:00 PM,1540,26X,14,109,Oakland,1,True,True,G,VEHICLE/PEDESTRAIN,,Friday,,,,,False,False,False,,B,PEDESTRIAN,,1,0,A,DAYLIGHT,,,,,,,B,CROSSING IN CROSS WALK AT INTERSECTION,,A,21950A,,1,48TH AVE,1,,,A,N,5.0,INTERNATIONAL BL,F,,D,8/9/2024 8:55:12 AM,1/28/2025 11:36:33 AM,,,2,,,,,,,
4018635,24-020644,2,False,0109,4/26/2024 8:33:00 PM,2033,06X,14,109,Oakland,1,True,True,G,VEHICLE/PEDESTRAIN,,Friday,,,,,False,False,False,,B,PEDESTRIAN,,1,0,C,DARK-STREET LIGHTS,,,,,,,B,CROSSING IN CROSS WALK AT INTERSECTION,,A,21950A,,1,W MACARTHUR BL,1,,,A,,,MARTIN LUTHER KING JR WY,,,A,8/9/2024 8:55:10 AM,1/28/2025 11:42:40 AM,,,2,,,,,,,
4018614,24-015932,2,False,0109,3/30/2024 8:38:00 PM,2038,05X,14,109,Oakland,1,True,True,D,BROADSIDE,,Saturday,,,M,,False,False,True,,E,PARKED MOTOR VEHICLE,,0,0,C,DARK-STREET LIGHTS,,,,,,,A,NO PEDESTRIANS INVOLVED,,A,22107,,1,BURMA RD,1,,,A,N,30.0,BATAAN AV,F,,D,8/9/2024 8:55:09 AM,1/28/2025 11:18:05 AM,,,2,,,,,,,
4018569,24-020427,2,False,0109,4/25/2024 7:59:00 PM,1959,04X,14,109,Oakland,1,True,True,D,BROADSIDE,,Thursday,,,,,False,False,False,,C,OTHER MOTOR VEHICLE,,1,0,C,DARK-STREET LIGHTS,,,,,,,A,NO PEDESTRIANS INVOLVED,,A,21453A,,1,OAK ST,1,,,A,,,7TH ST,,,A,8/9/2024 8:55:05 AM,1/28/2025 11:18:08 AM,,,2,,,,,,,
4018561,24-026985,2,False,0109,5/31/2024 12:37:00 PM,1237,15X,14,109,Oakland,1,True,True,H,OTHER,,Friday,,,,,False,False,True,,I,FIXED OBJECT,,0,0,A,DAYLIGHT,,,,,,,A,NO PEDESTRIANS INVOLVED,,A,22107,,1,PARK BL,1,,,A,,,BROOKLYN AV,,,A,8/9/2024 8:55:04 AM,1/28/2025 11:36:25 AM,,,2,,,,,,,
4018517,24011387,2,False,0109,3/5/2024 6:29:00 PM,1829,23X,14,109,Oakland,1,True,True,B,SIDE SWIPE,,Tuesday,,,M,,False,False,False,,E,PARKED MOTOR VEHICLE,,0,0,B,DUSK-DAWN,,,,,,,A,NO PEDESTRIANS INVOLVED,,A,22107,,1,FOOTHILL BL,2,,,A,,,39TH AV,,,D,8/9/2024 8:55:01 AM,1/28/2025 11:36:55 AM,,,2,,,,,,,
4018419,24-012031,2,False,0109,3/8/2024 4:47:00 PM,1647,26X,14,109,Oakland,1,True,True,D,BROADSIDE,,Friday,,,,,False,False,True,,C,OTHER MOTOR VEHICLE,,17,0,A,DAYLIGHT,,,,,,,A,NO PEDESTRIANS INVOLVED,,A,22350,,1,INTERNATIONAL BL,2,,,A,,,54TH AV,,,A,8/9/2024 8:54:52 AM,1/28/2025 11:36:25 AM,,,2,,,,,,,
3983492,9370-2024-02427,1,False,9370,7/30/2024 7:50:00 PM,1950,008,14,109,Oakland,1,True,True,B,SIDE SWIPE,,Tuesday,NotApplicable,False,,,False,True,True,ALAMEDA SUPERIOR COURT WILEY W. MANUEL COURTHOUSE,C,OTHER MOTOR VEHICLE,,0,0,B,DUSK-DAWN,37.827257,-122.291772,,,,,A,NO PEDESTRIANS INVOLVED,7/30/2024 7:50:00 PM,A,VC 21658(A),False,1,I-80 WB TO I-580 E/B,,,8/9/2024 5:51:36 AM,A,E,1932.0,WEST MACARTHUR BLVD,F,,D,8/9/2024 5:51:41 AM,8/9/2024 5:51:41 AM,False,True,4,True,7/30/2024 7:58:00 PM,1958,False,,,True
3983449,9370-2024-02459,1,False,9370,8/2/2024 12:00:00 AM,0,052,14,109,Oakland,1,True,True,E,HIT OBJECT,,Friday,NotApplicable,False,,,False,True,False,ALAMEDA SUPERIOR COURT WILEY W. MANUEL COURTHOUSE,I,FIXED OBJECT,CENTER MEDIAN,0,0,D,DARK-NO STREET LIGHTS,37.778979,-122.169681,,,,,A,NO PEDESTRIANS INVOLVED,8/2/2024 12:00:00 AM,A,VC 22350,False,1,I-580 W/B,,,8/9/2024 5:27:00 AM,A,E,1230.0,SEMINARY AVE,F,,D,8/9/2024 5:27:02 AM,8/9/2024 5:27:02 AM,False,True,4,,8/2/2024 12:19:00 AM,19,False,,,True
3982869,9370-2024-02421,1,False,9370,7/27/2024 2:25:00 AM,225,176,14,109,Oakland,1,True,True,C,REAR END,,Saturday,Yes,False,,,False,True,True,ALAMEDA SUPERIOR COURT WILEY W. MANUEL COURTHOUSE,C,OTHER MOTOR VEHICLE,,1,0,D,DARK-NO STREET LIGHTS,37.75036,-122.205164,,,,,A,NO PEDESTRIANS INVOLVED,7/27/2024 2:25:00 AM,A,VC 23152(a),False,1,I-880 S/B,,,8/8/2024 7:59:04 PM,A,S,1540.0,66TH AVENUE,F,,D,8/8/2024 7:59:09 PM,8/8/2024 7:59:09 PM,False,True,4,,7/27/2024 2:39:00 AM,239,False,,,True
3982854,9370-2024-02434,1,False,9370,7/30/2024 2:50:00 PM,1450,013,14,109,Oakland,1,True,True,B,SIDE SWIPE,,Tuesday,NotApplicable,False,,,False,True,True,ALAMEDA SUPERIOR COURT WILEY W. MANUEL COURTHOUSE,A,NON-COLLISION,,1,0,A,DAYLIGHT,37.807637,-122.193973,,,,,A,NO PEDESTRIANS INVOLVED,7/30/2024 2:50:00 PM,A,VC 22107,False,1,SR-13 N/B,,,8/8/2024 6:51:05 PM,A,S,1145.0,JOAQUIN MILLER RD,F,,D,8/8/2024 6:51:09 PM,8/8/2024 6:51:09 PM,False,True,4,,7/30/2024 3:00:00 PM,1500,False,,,True
3769437,24-015774,2,False,0109,3/29/2024 2:26:00 PM,1426,08X,14,109,Oakland,1,True,True,B,SIDE SWIPE,,Friday,,,,,False,False,False,,C,OTHER MOTOR VEHICLE,,1,0,A,DAYLIGHT,,,,,,,A,NO PEDESTRIANS INVOLVED,,A,22107,,1,HARRISON ST,1,,,B,,,29TH ST,,,D,8/8/2024 8:52:40 AM,1/28/2025 11:18:13 AM,,,2,,,,,,,