collision-id,report-number,report-version,is-preliminary,ncic-code,crash-date-time,crash-time-description,beat,city-id,city-code,city-name,county-code,city-is-active,city-is-incorporated,collision-type-code,collision-type-description,collision-type-other-desc,day-of-week,dispatch-notified,has-photographs,hit-run,is-attachments-mailed,is-deleted,is-highway-related,is-tow-away,judicial-district,motor-vehicle-involved-with-code,motor-vehicle-involved-with-desc,motor-vehicle-involved-with-other-desc,number-injured,number-killed,lighting-code,lighting-description,latitude,longitude,milepost-direction,milepost-distance,milepost-marker,milepost-unit-of-measure,pedestrian-action-code,pedestrian-action-desc,prepared-date,primary-collision-factor-code,primary-collision-factor-description,primary-collision-factor-is-cited,primary-collision-party-number,primary-road,reporting-district,reporting-district-code,reviewed-date,roadway-surface-code,secondary-direction,secondary-distance,secondary-road,secondary-unit-of-measure,sketch-desc,traffic-control-device-code,created-date,modified-date,is-county-road,is-freeway,chp-555-version,is-additonal-object-struck,notification-date,notification-time-description,has-digital-media-files,evidence-number,is-location-refer-to-narrative,is-aoi-one-same-as-location
4409729,24-030883,2,False,0109,6/21/2024 4:25:00 PM,1625,17X,14,109,Oakland,1,True,True,A,HEAD-ON,,Friday,,,F,,False,False,False,,C,OTHER MOTOR VEHICLE,,1,0,A,DAYLIGHT,,,,,,,A,NO PEDESTRIANS INVOLVED,,A,22450A,,1,13TH AV,1,,,A,,,22ND ST,,,A,9/26/2024 1:32:53 PM,1/28/2025 11:50:25 AM,,,2,,,,,,,
4409510,9370-2024-02882,1,False,9370,9/10/2024 5:58:00 AM,558,008,14,109,Oakland,1,True,True,B,SIDE SWIPE,,Tuesday,NotApplicable,False,M,,False,True,False,ALAMEDA SUPERIOR COURT WILEY W. MANUEL COURTHOUSE,C,OTHER MOTOR VEHICLE,,0,0,B,DUSK-DAWN,37.825061,-122.313667,,,,,A,NO PEDESTRIANS INVOLVED,9/10/2024 5:58:00 AM,A,VC 21658(A),False,1,I-80 W/B,,,9/26/2024 12:05:09 PM,A,E,42.0,SAN FRANCISCO-OAKLAND BAY BRIDGE TOLL PLAZA,F,,A,9/26/2024 12:05:11 PM,9/26/2024 12:05:11 PM,False,True,4,,9/10/2024 6:00:00 AM,0600,False,,,True
4409485,24-028295,2,False,0109,6/10/2024 5:09:00 AM,509,06X,14,109,Oakland,1,True,True,B,SIDE SWIPE,,Monday,,,,,False,False,False,,C,OTHER MOTOR VEHICLE,,1,0,A,DAYLIGHT,,,,,,,A,NO PEDESTRIANS INVOLVED,,A,21453A,,1,27TH ST,1,,,A,,,NORTHGATE AV,,,A,9/26/2024 11:52:52 AM,1/28/2025 11:50:25 AM,,,2,,,,,,,
4409478,24-028279,2,False,0109,6/8/2024 2:15:00 AM,215,19X,14,109,Oakland,1,True,True,D,BROADSIDE,,Saturday,,,F,,False,False,False,,C,OTHER MOTOR VEHICLE,,1,0,C,DARK-STREET LIGHTS,,,,,,,A,NO PEDESTRIANS INVOLVED,,A,21453A,,1,22ND AV,1,,,A,,,INTERNATIONAL BL,,,D,9/26/2024 11:47:52 AM,1/28/2025 11:50:25 AM,,,2,,,,,,,
4409460,24-030834,2,False,0109,6/21/2024 12:00:00 PM,1200,34X,14,109,Oakland,1,True,True,B,SIDE SWIPE,,Friday,,,,,False,False,False,,C,OTHER MOTOR VEHICLE,,2,0,A,DAYLIGHT,,,,,,,A,NO PEDESTRIANS INVOLVED,,A,22107,,1,INTERNATIONAL,2,,,A,,,90TH AV,,,A,9/26/2024 11:37:51 AM,1/28/2025 11:50:25 AM,,,2,,,,,,,
4409452,24-030583,2,False,0109,6/19/2024 10:55:00 PM,2255,19X,14,109,Oakland,1,True,True,D,BROADSIDE,,Wednesday,,,F,,False,False,False,,C,OTHER MOTOR VEHICLE,,1,0,C,DARK-STREET LIGHTS,,,,,,,A,NO PEDESTRIANS INVOLVED,,A,21453A,,1,LAKE MERRITT BL,1,,,A,,,E 12TH ST,,,A,9/26/2024 11:32:51 AM,1/28/2025 11:50:24 AM,,,2,,,,,,,
4409421,9370-2024-02992,1,False,9370,9/20/2024 4:37:00 PM,1637,053,14,109,Oakland,1,True,True,C,REAR END,,Friday,NotApplicable,False,,,False,True,False,ALAMEDA SUPERIOR COURT WILEY W. MANUEL COURTHOUSE,C,OTHER MOTOR VEHICLE,,1,0,A,DAYLIGHT,37.795163,-122.207141,,,,,A,NO PEDESTRIANS INVOLVED,9/20/2024 4:37:00 PM,A,VC 22350,False,1,I-580 W/B TO COOLIDGE AVENUE,,,9/26/2024 11:18:54 AM,A,E,1170.0,COOLIDGE AVE,F,,D,9/26/2024 11:18:56 AM,9/26/2024 11:18:56 AM,False,True,4,,9/20/2024 4:40:00 PM,1640,False,,,True
4409391,24-026714,2,False,0109,5/30/2024 12:40:00 AM,40,05X,14,109,Oakland,1,True,True,H,OTHER,,Thursday,,,M,,False,False,False,,E,PARKED MOTOR VEHICLE,,0,0,C,DARK-STREET LIGHTS,,,,,,,A,NO PEDESTRIANS INVOLVED,,A,22107,,1,21ST ST,1,,,A,W,20.0,MARKET ST,F,,D,9/26/2024 11:07:50 AM,1/28/2025 11:52:31 AM,,,2,,,,,,,
4409380,24-026215,2,False,0109,5/28/2024 7:10:00 AM,710,17X,14,109,Oakland,1,True,True,H,OTHER,,Tuesday,,,,,False,False,False,,C,OTHER MOTOR VEHICLE,,0,0,A,DAYLIGHT,,,,,,,A,NO PEDESTRIANS INVOLVED,,A,22107,,1,14TH AV,1,,,A,S,10.0,E 32ND ST,F,,D,9/26/2024 11:02:50 AM,1/28/2025 11:52:31 AM,,,2,,,,,,,
4409315,24-026133,2,False,0109,5/27/2024 12:30:00 PM,1230,28X,14,109,Oakland,1,True,True,B,SIDE SWIPE,,Monday,,,,,False,False,False,,E,PARKED MOTOR VEHICLE,,0,0,A,DAYLIGHT,,,,,,,A,NO PEDESTRIANS INVOLVED,,A,22350,,1,SUNNYMERE AV,2,,,A,W,250.0,VAN MOURIK AV,F,,D,9/26/2024 10:42:49 AM,1/28/2025 11:52:40 AM,,,2,,,,,,,
4409300,24-025412,2,False,0109,5/23/2024 8:18:00 AM,818,02X,14,109,Oakland,1,True,True,B,SIDE SWIPE,,Thursday,,,,,False,False,False,,C,OTHER MOTOR VEHICLE,,0,0,A,DAYLIGHT,,,,,,,A,NO PEDESTRIANS INVOLVED,,A,22107,,1,12TH ST,1,,,A,S,5.0,UNION ST,F,,A,9/26/2024 10:37:49 AM,1/28/2025 11:52:40 AM,,,2,,,,,,,
4409245,24-026401,2,False,0109,5/28/2024 10:56:00 PM,2256,26X,14,109,Oakland,1,True,True,D,BROADSIDE,,Tuesday,,,M,,False,False,False,,C,OTHER MOTOR VEHICLE,,0,0,C,DARK-STREET LIGHTS,,,,,,,A,NO PEDESTRIANS INVOLVED,,A,21453A,,1,75TH AV,2,,,A,,,SAN LEANDRO ST,,,A,9/26/2024 10:12:48 AM,1/28/2025 11:52:40 AM,,,2,,,,,,,
4409122,9370-2024-03026,1,False,9370,9/23/2024 8:20:00 AM,820,177,14,109,Oakland,1,True,True,B,SIDE SWIPE,,Monday,NotApplicable,False,,,False,True,False,ALAMEDA SUPERIOR COURT WILEY W. MANUEL COURTHOUSE,C,OTHER MOTOR VEHICLE,,0,0,A,DAYLIGHT,37.731526,-122.187992,,,,,A,NO PEDESTRIANS INVOLVED,9/23/2024 8:20:00 AM,A,VC 21453(a),False,,I-880 N/B FROM 98TH AVE N/B,,,9/26/2024 9:15:27 AM,A,N,50.0,98TH AVENUE,F,,A,9/26/2024 9:15:29 AM,9/26/2024 9:15:29 AM,False,True,4,,9/23/2024 8:25:00 AM,0825,False,,,True
4408886,9370-2024-03021,1,False,9370,9/24/2024 3:45:00 AM,345,055,14,109,Oakland,1,True,True,E,HIT OBJECT,,Tuesday,NotApplicable,False,,,False,True,False,ALAMEDA SUPERIOR COURT WILEY W. MANUEL COURTHOUSE,I,FIXED OBJECT,CONCRETE WALL,0,0,D,DARK-NO STREET LIGHTS,37.827244,-122.285295,,,,,A,NO PEDESTRIANS INVOLVED,9/24/2024 3:45:00 AM,A,VC 23152(a),True,1,I-580 W/B,,,9/26/2024 7:49:12 AM,A,W,500.0,HOLLIS ST,F,,D,9/26/2024 7:49:16 AM,9/26/2024 7:49:16 AM,False,True,4,,9/24/2024 3:51:00 AM,0351,False,,,True
4408868,24-031869,2,False,0109,6/26/2024 10:54:00 AM,1054,26X,14,109,Oakland,1,True,True,D,BROADSIDE,,Wednesday,,,,,False,False,False,,C,OTHER MOTOR VEHICLE,,1,0,A,DAYLIGHT,,,,,,,A,NO PEDESTRIANS INVOLVED,,A,21802A,,1,COLISEUM WY,2,,,A,,,INDEPENDENT RD,,,B,9/26/2024 7:42:45 AM,1/28/2025 11:52:32 AM,,,2,,,,,,,
4408848,9370-2024-03027,1,False,9370,9/23/2024 6:15:00 AM,615,055,14,109,Oakland,1,True,True,C,REAR END,,Monday,NotApplicable,False,M,,False,True,False,ALAMEDA SUPERIOR COURT WILEY W. MANUEL COURTHOUSE,C,OTHER MOTOR VEHICLE,,0,0,B,DUSK-DAWN,37.826804,-122.28515,,,,,A,NO PEDESTRIANS INVOLVED,9/23/2024 6:15:00 AM,A,VC 22350,False,1,I-580 W/B,,,9/26/2024 7:33:33 AM,A,W,200.0,HOLLIS ST,F,,D,9/26/2024 7:33:35 AM,9/26/2024 7:33:35 AM,False,True,4,,9/23/2024 6:20:00 AM,0620,False,,,True
4408696,9370-2024-02978,1,False,9370,9/19/2024 2:50:00 AM,250,052,14,109,Oakland,1,True,True,D,BROADSIDE,,Thursday,NotApplicable,False,M,,False,True,True,ALAMEDA SUPERIOR COURT WILEY W. MANUEL COURTHOUSE,C,OTHER MOTOR VEHICLE,,1,0,C,DARK-STREET LIGHTS,37.755252,-122.150244,,,,,A,NO PEDESTRIANS INVOLVED,9/19/2024 2:50:00 AM,A,VC 22350,False,1,I-580 E/B TO 106TH AVENUE,,,9/26/2024 5:54:51 AM,A,E,718.0,106TH AVE,F,,D,9/26/2024 5:54:55 AM,9/26/2024 5:54:55 AM,False,True,4,,9/19/2024 3:02:00 AM,0302,False,,,True
4408409,9370-2024-03007,1,False,9370,9/19/2024 8:13:00 AM,813,052,14,109,Oakland,1,True,True,C,REAR END,,Thursday,NotApplicable,False,M,,False,True,False,ALAMEDA SUPERIOR COURT WILEY W. MANUEL COURTHOUSE,C,OTHER MOTOR VEHICLE,,0,0,A,DAYLIGHT,37.749093,-122.150748,,,,,A,NO PEDESTRIANS INVOLVED,9/19/2024 8:13:00 AM,A,VC 22350,False,1,I-580 W/B,,,9/25/2024 6:05:50 PM,A,E,1600.0,GOLF LINKS RD,F,,D,9/25/2024 6:05:53 PM,9/25/2024 6:05:53 PM,False,True,4,,9/19/2024 8:28:00 AM,0828,False,,,True
4408393,9370-2024-02949,1,False,9370,9/16/2024 10:40:00 AM,1040,055,14,109,Oakland,1,True,True,B,SIDE SWIPE,,Monday,NotApplicable,False,,,False,True,False,ALAMEDA SUPERIOR COURT WILEY W. MANUEL COURTHOUSE,C,OTHER MOTOR VEHICLE,,0,0,A,DAYLIGHT,37.826458,-122.287156,,,,,A,NO PEDESTRIANS INVOLVED,9/16/2024 10:40:00 AM,A,VC 21658(A),False,1,I-580 E/B,,,9/25/2024 5:13:07 PM,A,E,753.0,MANDELA PARKWAY,F,,D,9/25/2024 5:13:09 PM,9/25/2024 5:13:09 PM,False,True,4,,9/16/2024 10:50:00 AM,1050,False,,,True
4408354,24034555,2,False,0109,7/11/2024 8:13:00 AM,813,24X,14,109,Oakland,1,True,True,B,SIDE SWIPE,,Thursday,,,,,False,False,False,,E,PARKED MOTOR VEHICLE,,0,0,A,DAYLIGHT,,,,,,,A,NO PEDESTRIANS INVOLVED,,A,22107,,1,42ND AV,2,,,A,N,10.0,FOOTHILL BL,F,,D,9/25/2024 4:37:04 PM,1/28/2025 11:52:25 AM,,,2,,,,,,,
4408349,9370-2024-02960,1,False,9370,9/18/2024 8:25:00 AM,825,052,14,109,Oakland,1,True,True,C,REAR END,,Wednesday,NotApplicable,False,,,False,True,False,ALAMEDA SUPERIOR COURT WILEY W. MANUEL COURTHOUSE,C,OTHER MOTOR VEHICLE,,1,0,A,DAYLIGHT,37.754452,-122.150633,,,,,A,NO PEDESTRIANS INVOLVED,9/18/2024 8:25:00 AM,A,VC 22350,False,1,I-580 W/B,,,9/25/2024 4:34:43 PM,B,W,318.0,GOLF LINKS RD,F,,D,9/25/2024 4:34:45 PM,9/25/2024 4:34:45 PM,False,True,4,,9/18/2024 8:40:00 AM,0840,False,,,True
4408331,24033123,2,False,0109,7/3/2024 5:50:00 PM,1750,12X,14,109,Oakland,1,True,True,B,SIDE SWIPE,,Wednesday,,,M,,False,False,False,,C,OTHER MOTOR VEHICLE,,0,0,A,DAYLIGHT,,,,,,,A,NO PEDESTRIANS INVOLVED,,A,22107,,1,51ST ST,1,,,A,,,SHAFTER AV,,,A,9/25/2024 4:22:04 PM,1/28/2025 11:52:25 AM,,,2,,,,,,,
4408315,24033030,2,False,0109,7/3/2024 3:33:00 AM,333,24X,14,109,Oakland,1,True,True,B,SIDE SWIPE,,Wednesday,,,M,,False,False,False,,E,PARKED MOTOR VEHICLE,,0,0,C,DARK-STREET LIGHTS,,,,,,,A,NO PEDESTRIANS INVOLVED,,A,22107,,1,35TH AV,2,,,A,S,10.0,HAGEMAN AV,F,,D,9/25/2024 3:57:04 PM,1/28/2025 11:52:25 AM,,,2,,,,,,,
4408211,24032435,2,False,0109,6/30/2024 11:50:00 PM,2350,26X,14,109,Oakland,1,True,True,A,HEAD-ON,,Sunday,,,M,,False,False,True,,I,FIXED OBJECT,,0,0,D,DARK-NO STREET LIGHTS,,,,,,,A,NO PEDESTRIANS INVOLVED,,A,22107,,1,57TH AV,2,,,A,,,INTERNATIONAL BL,,,A,9/25/2024 2:47:04 PM,1/28/2025 11:52:27 AM,,,2,,,,,,,
4408206,24029053,2,False,0109,6/11/2024 5:33:00 PM,1733,21X,14,109,Oakland,1,True,True,C,REAR END,,Tuesday,,,M,,False,False,False,,C,OTHER MOTOR VEHICLE,,0,0,A,DAYLIGHT,,,,,,,A,NO PEDESTRIANS INVOLVED,,A,22350,,1,COOLIDGE AV,2,,,A,,,LOGAN ST,,,B,9/25/2024 2:42:04 PM,1/28/2025 11:52:28 AM,,,2,,,,,,,
4408203,24028561,2,False,0109,6/10/2024 8:00:00 PM,2000,04X,14,109,Oakland,1,True,True,B,SIDE SWIPE,,Monday,,,M,,False,False,True,,E,PARKED MOTOR VEHICLE,,0,0,A,DAYLIGHT,,,,,,,A,NO PEDESTRIANS INVOLVED,,A,22107,,1,HARRISON ST,1,,,A,S,140.0,19TH ST,F,,D,9/25/2024 2:42:04 PM,1/28/2025 11:52:27 AM,,,2,,,,,,,
4408191,24030244,3,False,0109,6/18/2024 2:37:00 AM,237,20X,14,109,Oakland,1,True,True,A,HEAD-ON,,Tuesday,,,M,,False,True,True,,I,FIXED OBJECT,,0,0,C,DARK-STREET LIGHTS,,,,,,,A,NO PEDESTRIANS INVOLVED,,A,22107,,1,29TH AV,2,,,A,W,15.0,RT 880,F,,A,9/25/2024 2:32:04 PM,1/28/2025 11:52:28 AM,,,2,,,,,,,
4408186,24-032660,2,False,0109,7/1/2024 4:30:00 AM,430,27Y,14,109,Oakland,1,True,True,D,BROADSIDE,,Monday,,,M,,False,False,True,,C,OTHER MOTOR VEHICLE,,1,0,C,DARK-STREET LIGHTS,,,,,,,A,NO PEDESTRIANS INVOLVED,,A,21453A,,1,INTERNATIONAL BL,2,,,A,,,SEMINARY AV,,,A,9/25/2024 2:27:04 PM,1/28/2025 11:50:24 AM,,,2,,,,,,,
4408185,24029819,2,False,0109,6/15/2024 7:36:00 PM,1936,03X,14,109,Oakland,1,True,True,A,HEAD-ON,,Saturday,,,,,False,False,False,,J,OTHER OBJECT,,0,0,A,DAYLIGHT,,,,,,,A,NO PEDESTRIANS INVOLVED,,A,22107,,1,6TH,1,,,A,W,15.0,BROADWAY,F,,A,9/25/2024 2:27:04 PM,1/28/2025 11:52:28 AM,,,2,,,,,,,
4408183,24028088,2,False,0109,6/7/2024 7:51:00 PM,1951,34X,14,109,Oakland,1,True,True,A,HEAD-ON,,Friday,,,M,,False,False,False,,E,PARKED MOTOR VEHICLE,,0,0,A,DAYLIGHT,,,,,,,A,NO PEDESTRIANS INVOLVED,,A,22107,,1,82ND AV,2,,,A,S,20.0,BANCROFT AV,F,,A,9/25/2024 2:27:04 PM,1/28/2025 11:52:28 AM,,,2,,,,,,,
4408118,24028230,2,False,0109,6/7/2024 5:40:00 PM,1740,35X,14,109,Oakland,1,True,True,D,BROADSIDE,,Friday,,,,,False,False,False,,C,OTHER MOTOR VEHICLE,,0,0,A,DAYLIGHT,,,,,,,A,NO PEDESTRIANS INVOLVED,,A,21460A,,1,MOUNTAIN BL,2,,,A,,,FONTAINE CT,,,D,9/25/2024 1:52:03 PM,1/28/2025 11:52:27 AM,,,2,,,,,,,
4408083,24030233,2,False,0109,6/18/2024 12:45:00 AM,45,15X,14,109,Oakland,1,True,True,B,SIDE SWIPE,,Tuesday,,,M,,False,False,False,,C,OTHER MOTOR VEHICLE,,0,0,C,DARK-STREET LIGHTS,,,,,,,A,NO PEDESTRIANS INVOLVED,,A,22107,,1,E 18TH ST,1,,,A,W,100.0,3RD AV,F,,D,9/25/2024 1:37:03 PM,1/28/2025 11:52:28 AM,,,2,,,,,,,
4408070,24029861,2,False,0109,6/16/2024 1:53:00 AM,153,35X,14,109,Oakland,1,True,True,H,OTHER,,Sunday,,,M,,False,False,False,,J,OTHER OBJECT,,0,0,C,DARK-STREET LIGHTS,,,,,,,A,NO PEDESTRIANS INVOLVED,,A,22107,,1,MACARTHUR BL,2,,,A,,,90TH AV,,,B,9/25/2024 1:32:03 PM,1/28/2025 11:52:28 AM,,,2,,,,,,,
4408061,9370-2024-02971,1,False,9370,9/18/2024 6:45:00 PM,1845,901,14,109,Oakland,1,True,True,E,HIT OBJECT,,Wednesday,Yes,False,,,False,False,True,ALAMEDA SUPERIOR COURT WILEY W. MANUEL COURTHOUSE,I,FIXED OBJECT,STEEL ATTENUATOR POLE,0,0,A,DAYLIGHT,37.75861,-122.185737,,,,,A,NO PEDESTRIANS INVOLVED,9/18/2024 6:45:00 PM,B,UNSAFE OPERATION,,1,INTERNATIONAL BOULEVARD (7400 BLOCK),,,9/25/2024 1:28:41 PM,A,W,35.0,75TH AVENUE,F,,A,9/25/2024 1:28:44 PM,9/25/2024 1:28:44 PM,True,False,4,,9/18/2024 6:47:00 PM,1847,False,,True,
4408042,24032549,2,False,0109,6/29/2024 8:13:00 PM,2013,22X,14,109,Oakland,1,True,True,C,REAR END,,Saturday,,,M,,False,False,False,,E,PARKED MOTOR VEHICLE,,0,0,B,DUSK-DAWN,,,,,,,A,NO PEDESTRIANS INVOLVED,,A,22107,,1,MACARTHUR BL,2,,,A,W,20.0,MAPLE AV,F,,A,9/25/2024 1:22:03 PM,1/28/2025 11:52:28 AM,,,2,,,,,,,
4408036,24028514,2,False,0109,6/9/2024 12:04:00 AM,4,27X,14,109,Oakland,1,True,True,B,SIDE SWIPE,,Sunday,,,M,,False,False,False,,E,PARKED MOTOR VEHICLE,,0,0,C,DARK-STREET LIGHTS,,,,,,,A,NO PEDESTRIANS INVOLVED,,A,22107,,1,55TH AV,2,,,A,,,HILTON ST,,,D,9/25/2024 1:17:02 PM,1/28/2025 11:52:28 AM,,,2,,,,,,,
4408025,24029277,2,False,0109,6/12/2024 9:15:00 PM,2115,05X,14,109,Oakland,1,True,True,C,REAR END,,Wednesday,,,,,False,False,True,,C,OTHER MOTOR VEHICLE,,0,0,C,DARK-STREET LIGHTS,,,,,,,A,NO PEDESTRIANS INVOLVED,,A,22350,,1,FRONTAGE RD,1,,,A,,,W GRAND,,,A,9/25/2024 1:12:02 PM,1/28/2025 11:52:28 AM,,,2,,,,,,,
4408014,24029920,2,False,0109,6/16/2024 12:51:00 PM,1251,07X,14,109,Oakland,1,True,True,H,OTHER,,Sunday,,,,,False,False,False,,C,OTHER MOTOR VEHICLE,,0,0,A,DAYLIGHT,,,,,,,A,NO PEDESTRIANS INVOLVED,,A,22106,,1,34TH ST,1,,,A,E,30.0,CHESTNUT ST,F,,A,9/25/2024 1:07:02 PM,1/28/2025 11:52:28 AM,,,2,,,,,,,
4407995,24029675,2,False,0109,6/15/2024 11:12:00 PM,2312,19X,14,109,Oakland,1,True,True,D,BROADSIDE,,Saturday,,,,,False,False,False,,C,OTHER MOTOR VEHICLE,,0,0,C,DARK-STREET LIGHTS,,,,,,,A,NO PEDESTRIANS INVOLVED,,D,,,,12TH ST,1,,,A,,,9TH AV,,,D,9/25/2024 12:57:02 PM,1/28/2025 11:52:28 AM,,,2,,,,,,,
4407955,24-030406,2,False,0109,6/18/2024 10:19:00 PM,2219,30Y,14,109,Oakland,1,True,True,C,REAR END,,Tuesday,,,,,False,False,False,,C,OTHER MOTOR VEHICLE,,0,0,C,DARK-STREET LIGHTS,,,,,,,A,NO PEDESTRIANS INVOLVED,,A,21453A,,,CHURCH ST,2,,,A,,,BANCROFT AVE,,,B,9/25/2024 12:37:02 PM,1/28/2025 11:49:53 AM,,,2,,,,,,,
4407954,24030149,2,False,0109,6/17/2024 3:25:00 PM,1525,23X,14,109,Oakland,1,True,True,C,REAR END,,Monday,,,,,False,False,False,,C,OTHER MOTOR VEHICLE,,0,0,A,DAYLIGHT,,,,,,,A,NO PEDESTRIANS INVOLVED,,A,22350,,1,FRUITVALE AV,2,,,A,S,6.0,E 12TH ST,F,,A,9/25/2024 12:37:02 PM,1/28/2025 11:52:28 AM,,,2,,,,,,,
4407938,24028903,2,False,0109,6/10/2024 7:20:00 PM,1920,11X,14,109,Oakland,1,True,True,B,SIDE SWIPE,,Monday,,,,,False,False,False,,C,OTHER MOTOR VEHICLE,,0,0,C,DARK-STREET LIGHTS,,,,,,,A,NO PEDESTRIANS INVOLVED,,A,22107,,1,53RD ST,1,,,A,N,50.0,TELEGRAPH AV,F,,D,9/25/2024 12:32:02 PM,1/28/2025 11:52:28 AM,,,2,,,,,,,
4407922,24-020288,2,False,0109,4/25/2024 4:24:00 AM,424,14X,14,109,Oakland,1,True,True,D,BROADSIDE,,Thursday,,,,,False,False,True,,C,OTHER MOTOR VEHICLE,,1,0,C,DARK-STREET LIGHTS,,,,,,,A,NO PEDESTRIANS INVOLVED,,A,21453A,,,14TH ST,2,,,A,,,MARTIN LUTHER KING JR WY,,,D,9/25/2024 12:27:02 PM,1/28/2025 11:50:03 AM,,,2,,,,,,,
4407870,24032431,2,False,0109,6/29/2024 10:19:00 PM,2219,04X,14,109,Oakland,1,True,True,D,BROADSIDE,,Saturday,,,,,False,False,False,,C,OTHER MOTOR VEHICLE,,0,0,C,DARK-STREET LIGHTS,,,,,,,A,NO PEDESTRIANS INVOLVED,,A,21453A,,1,SAN PABLO AV,1,,,A,,,THOMAS L BERKLEY WY,,,A,9/25/2024 12:02:01 PM,1/28/2025 11:52:27 AM,,,2,,,,,,,
4407857,9370-2024-03023,1,False,9370,9/24/2024 8:45:00 AM,845,008,14,109,Oakland,1,True,True,C,REAR END,,Tuesday,NotApplicable,False,,,False,True,False,ALAMEDA SUPERIOR COURT WILEY W. MANUEL COURTHOUSE,C,OTHER MOTOR VEHICLE,,1,0,A,DAYLIGHT,37.825041,-122.307919,,,,,A,NO PEDESTRIANS INVOLVED,9/24/2024 8:45:00 AM,A,VC 22350,False,1,I-80 W/B,,,9/25/2024 11:53:12 AM,A,E,1700.0,SFOBB TOLL PLAZA,F,,D,9/25/2024 11:53:15 AM,9/25/2024 11:53:15 AM,False,True,4,,9/24/2024 9:00:00 AM,0900,False,,,True
4407846,24027874,2,False,0109,6/5/2024 6:04:00 PM,1804,30X,14,109,Oakland,1,True,True,D,BROADSIDE,,Wednesday,,,,,False,False,False,,C,OTHER MOTOR VEHICLE,,0,0,A,DAYLIGHT,,,,,,,A,NO PEDESTRIANS INVOLVED,,A,22107,,1,BANCROFT AV,2,,,A,,,RITCHIE ST,,,D,9/25/2024 11:47:02 AM,1/28/2025 11:52:27 AM,,,2,,,,,,,
4407815,24028571,2,False,0109,6/9/2024 8:48:00 PM,2048,27X,14,109,Oakland,1,True,True,D,BROADSIDE,,Sunday,,,,,False,False,False,,C,OTHER MOTOR VEHICLE,,0,0,C,DARK-STREET LIGHTS,,,,,,,A,NO PEDESTRIANS INVOLVED,,A,21453A,,1,47TH AV,2,,,A,,,BOND ST,,,A,9/25/2024 11:32:01 AM,1/28/2025 11:52:27 AM,,,2,,,,,,,
4407325,9370-2024-02956,1,False,9370,9/17/2024 10:00:00 PM,2200,176,14,109,Oakland,1,True,True,E,HIT OBJECT,,Tuesday,NotApplicable,False,,,False,True,False,ALAMEDA SUPERIOR COURT WILEY W. MANUEL COURTHOUSE,J,OTHER OBJECT,SHOPPING CART,2,0,C,DARK-STREET LIGHTS,37.771987,-122.223971,,,,,A,NO PEDESTRIANS INVOLVED,9/17/2024 10:00:00 PM,C,,,,I-880 N/B,,,9/25/2024 7:18:51 AM,A,N,1161.0,SR-77 / CA-185,F,,D,9/25/2024 7:18:53 AM,9/25/2024 7:18:53 AM,False,True,4,,9/17/2024 10:05:00 PM,2205,False,,,True
4407163,9370-2024-02979,1,False,9370,9/19/2024 4:50:00 PM,1650,177,14,109,Oakland,1,True,True,C,REAR END,,Thursday,NotApplicable,False,,,False,True,True,ALAMEDA SUPERIOR COURT WILEY W. MANUEL COURTHOUSE,C,OTHER MOTOR VEHICLE,,1,0,A,DAYLIGHT,37.791863,-122.261691,,,,,A,NO PEDESTRIANS INVOLVED,9/19/2024 4:50:00 PM,A,VC 22350,False,1,I-880 N/B,,,9/25/2024 5:27:27 AM,A,N,650.0,5TH AVENUE,F,,D,9/25/2024 5:27:29 AM,9/25/2024 5:27:29 AM,False,True,4,,9/19/2024 4:52:00 PM,1652,False,,,True
4407162,9370-2024-02873,1,False,9370,9/10/2024 9:33:00 AM,933,054,14,109,Oakland,1,True,True,C,REAR END,,Tuesday,NotApplicable,False,M,,False,True,False,ALAMEDA SUPERIOR COURT WILEY W. MANUEL COURTHOUSE,C,OTHER MOTOR VEHICLE,,0,0,A,DAYLIGHT,37.808353,-122.241609,,,,,A,NO PEDESTRIANS INVOLVED,9/10/2024 9:33:00 AM,A,VC 22350,False,1,I-580 W/B,,,9/25/2024 5:25:50 AM,A,E,1410.0,LAKESHORE AVENUE,F,,D,9/25/2024 5:25:55 AM,9/25/2024 5:25:55 AM,False,True,4,False,9/10/2024 9:35:00 AM,0935,True,EMBEDDED,,True
4406845,9370-2024-02841,1,False,9370,9/6/2024 8:19:00 PM,2019,901,14,109,Oakland,1,True,True,B,SIDE SWIPE,,Friday,Yes,False,M,,False,False,True,ALAMEDA SUPERIOR COURT WILEY W. MANUEL COURTHOUSE,C,OTHER MOTOR VEHICLE,,0,0,C,DARK-STREET LIGHTS,37.742677,-122.17746,,,,,A,NO PEDESTRIANS INVOLVED,9/6/2024 8:19:00 PM,A,VC 21750(a),False,1,E STREET (9600 BLOCK),,,9/24/2024 6:30:28 PM,A,E,200.0,ELMHURST AVENUE,F,,D,9/24/2024 6:30:33 PM,9/24/2024 6:30:33 PM,True,False,4,False,9/6/2024 8:19:00 PM,2019,False,,True,
4406832,9370-2024-02977,1,False,9370,9/19/2024 5:55:00 AM,555,176,14,109,Oakland,1,True,True,B,SIDE SWIPE,,Thursday,NotApplicable,False,M,,False,True,False,ALAMEDA SUPERIOR COURT WILEY W. MANUEL COURTHOUSE,C,OTHER MOTOR VEHICLE,,0,0,B,DUSK-DAWN,37.751334,-122.205918,,,,,A,NO PEDESTRIANS INVOLVED,9/19/2024 5:55:00 AM,A,VC 21658(A),False,1,I-880 S/B,,,9/24/2024 6:03:17 PM,A,N,800.0,HEGENBERGER RD,F,,D,9/24/2024 6:03:20 PM,9/24/2024 6:03:20 PM,False,True,4,,9/19/2024 6:00:00 AM,0600,False,,,True