collision-id,report-number,report-version,is-preliminary,ncic-code,crash-date-time,crash-time-description,beat,city-id,city-code,city-name,county-code,city-is-active,city-is-incorporated,collision-type-code,collision-type-description,collision-type-other-desc,day-of-week,dispatch-notified,has-photographs,hit-run,is-attachments-mailed,is-deleted,is-highway-related,is-tow-away,judicial-district,motor-vehicle-involved-with-code,motor-vehicle-involved-with-desc,motor-vehicle-involved-with-other-desc,number-injured,number-killed,lighting-code,lighting-description,latitude,longitude,milepost-direction,milepost-distance,milepost-marker,milepost-unit-of-measure,pedestrian-action-code,pedestrian-action-desc,prepared-date,primary-collision-factor-code,primary-collision-factor-description,primary-collision-factor-is-cited,primary-collision-party-number,primary-road,reporting-district,reporting-district-code,reviewed-date,roadway-surface-code,secondary-direction,secondary-distance,secondary-road,secondary-unit-of-measure,sketch-desc,traffic-control-device-code,created-date,modified-date,is-county-road,is-freeway,chp-555-version,is-additonal-object-struck,notification-date,notification-time-description,has-digital-media-files,evidence-number,is-location-refer-to-narrative,is-aoi-one-same-as-location
4489604,9370-2024-03747,1,False,9370,11/21/2024 8:30:00 AM,830,024,14,109,Oakland,1,True,True,E,HIT OBJECT,,Thursday,NotApplicable,False,,,False,True,False,ALAMEDA SUPERIOR COURT WILEY W. MANUEL COURTHOUSE,I,FIXED OBJECT,POSTED SIGN,0,0,A,DAYLIGHT,37.819469,-122.205743,,,,,A,NO PEDESTRIANS INVOLVED,11/21/2024 8:30:00 AM,A,VC 22107,False,1,SR-13 S/B FROM MONTEREY BLVD,,,12/2/2024 4:36:49 PM,B,S,205.0,MONTEREY BLVD,F,,D,12/2/2024 4:36:51 PM,12/2/2024 4:36:51 PM,False,True,4,,11/21/2024 8:31:00 AM,0831,False,,,True
4489601,9335-2024-01799,1,False,9335,8/5/2024 1:15:00 PM,1315,084,14,109,Oakland,1,True,True,C,REAR END,,Monday,Yes,False,,,False,True,True,ALAMEDA SUPERIOR COURT ALAMEDA,E,PARKED MOTOR VEHICLE,,0,1,A,DAYLIGHT,37.822534,-122.320367,,,,,A,NO PEDESTRIANS INVOLVED,8/5/2024 1:15:00 PM,A,VC 23152(a),False,1,INTERSTATE 80 EASTBOUND,,,12/2/2024 4:31:13 PM,A,E,2.3,NORTHGATE RD,M,,A,12/2/2024 4:31:17 PM,12/2/2024 4:31:17 PM,False,True,4,,8/5/2024 1:21:00 PM,1321,True,AREA PHOTO FILE,,True
4489566,9370-2024-03853,1,False,9370,12/1/2024 5:05:00 PM,1705,176,14,109,Oakland,1,True,True,B,SIDE SWIPE,,Sunday,NotApplicable,False,M,,False,True,False,ALAMEDA SUPERIOR COURT WILEY W. MANUEL COURTHOUSE,C,OTHER MOTOR VEHICLE,,0,0,A,DAYLIGHT,37.744078,-122.199283,,,,,A,NO PEDESTRIANS INVOLVED,12/1/2024 5:05:00 PM,A,VC 22107,False,1,I-880 N/B,,,12/2/2024 3:53:16 PM,A,S,1330.0,HEGENBERGER RD,F,,D,12/2/2024 3:53:19 PM,12/2/2024 3:53:19 PM,False,True,4,,12/1/2024 5:10:00 PM,1710,False,,,True
4489538,9370-2024-03806,1,False,9370,11/26/2024 10:10:00 PM,2210,054,14,109,Oakland,1,True,True,E,HIT OBJECT,,Tuesday,NotApplicable,False,,,False,True,False,ALAMEDA SUPERIOR COURT WILEY W. MANUEL COURTHOUSE,J,OTHER OBJECT,DARK OBJECT DEBRIS,0,0,C,DARK-STREET LIGHTS,37.807805,-122.239976,,,,,A,NO PEDESTRIANS INVOLVED,11/26/2024 10:10:00 PM,C,,,,I-580 W/B,,,12/2/2024 3:28:09 PM,A,E,1921.0,LAKESHORE AVE,F,,D,12/2/2024 3:28:10 PM,12/2/2024 3:28:10 PM,False,True,4,,11/26/2024 10:20:00 PM,2220,False,,,True
4489530,9370-2024-03815,1,False,9370,11/26/2024 10:00:00 AM,1000,054,14,109,Oakland,1,True,True,E,HIT OBJECT,,Tuesday,NotApplicable,False,,,False,True,False,ALAMEDA SUPERIOR COURT WILEY W. MANUEL COURTHOUSE,J,OTHER OBJECT,TIRE,0,0,D,DARK-NO STREET LIGHTS,37.80564,-122.235452,,,,,A,NO PEDESTRIANS INVOLVED,11/26/2024 10:00:00 AM,C,,,,I-580 W/B,,,12/2/2024 3:24:22 PM,A,E,750.0,PARK BLVD,F,,D,12/2/2024 3:24:25 PM,12/2/2024 3:24:25 PM,False,True,4,,11/26/2024 10:05:00 AM,1005,False,,,True
4489519,9370-2024-03795,1,False,9370,11/25/2024 5:27:00 PM,1727,055,14,109,Oakland,1,True,True,B,SIDE SWIPE,,Monday,Yes,False,,,False,True,False,ALAMEDA SUPERIOR COURT WILEY W. MANUEL COURTHOUSE,C,OTHER MOTOR VEHICLE,,0,0,D,DARK-NO STREET LIGHTS,37.8228,-122.261037,,,,,A,NO PEDESTRIANS INVOLVED,11/25/2024 5:27:00 PM,A,VC 22107,False,1,I-580 W/B,,,12/2/2024 3:15:39 PM,B,E,175.0,I-980 W/B,F,,D,12/2/2024 3:15:42 PM,12/2/2024 3:15:42 PM,False,True,4,,11/25/2024 5:30:00 PM,1730,False,,,True
4489490,9370-2024-03763,1,False,9370,11/23/2024 6:20:00 AM,620,176,14,109,Oakland,1,True,True,B,SIDE SWIPE,,Saturday,NotApplicable,False,M,,False,True,True,ALAMEDA SUPERIOR COURT WILEY W. MANUEL COURTHOUSE,C,OTHER MOTOR VEHICLE,,0,0,A,DAYLIGHT,37.74242,-122.197719,,,,,A,NO PEDESTRIANS INVOLVED,11/23/2024 6:20:00 AM,A,VC 21658(a),False,1,I-880 N/B,,,12/2/2024 3:02:22 PM,B,S,553.0,HEGENBERGER RD,F,,D,12/2/2024 3:02:24 PM,12/2/2024 3:02:24 PM,False,True,4,,11/23/2024 6:45:00 AM,0645,True,EMBEDDED,,True
4489478,9370-2024-03756,1,False,9370,11/22/2024 9:57:00 PM,2157,177,14,109,Oakland,1,True,True,B,SIDE SWIPE,,Friday,Yes,False,,,False,True,False,ALAMEDA SUPERIOR COURT WILEY W. MANUEL COURTHOUSE,I,FIXED OBJECT,CONCRETE MEDIAN,1,0,C,DARK-STREET LIGHTS,37.791774,-122.261987,,,,,A,NO PEDESTRIANS INVOLVED,11/22/2024 9:57:00 PM,A,VC 22350,False,1,INTERSTATE 880 SOUTHBOUND,,,12/2/2024 2:55:09 PM,B,S,1767.0,OAK STREET,F,,D,12/2/2024 2:55:11 PM,12/2/2024 2:55:11 PM,False,True,4,,11/22/2024 9:59:00 PM,2159,False,,,True
4489073,9370-2024-03769,1,False,9370,11/22/2024 8:55:00 PM,2055,052,14,109,Oakland,1,True,True,C,REAR END,,Friday,NotApplicable,False,,,False,True,False,ALAMEDA SUPERIOR COURT WILEY W. MANUEL COURTHOUSE,C,OTHER MOTOR VEHICLE,,1,0,A,DAYLIGHT,37.784054,-122.185447,,,,,A,NO PEDESTRIANS INVOLVED,11/22/2024 8:55:00 PM,A,VC 22350,False,1,I-580 E/B,,,12/2/2024 11:55:34 AM,B,E,689.0,BUELL ST,F,,D,12/2/2024 11:55:38 AM,12/2/2024 11:55:38 AM,False,True,4,,11/22/2024 8:57:00 PM,2057,False,,,True
4489061,9370-2024-03754,1,False,9370,11/22/2024 5:45:00 PM,1745,177,14,109,Oakland,1,True,True,B,SIDE SWIPE,,Friday,NotApplicable,False,,,False,True,False,ALAMEDA SUPERIOR COURT WILEY W. MANUEL COURTHOUSE,C,OTHER MOTOR VEHICLE,,1,0,C,DARK-STREET LIGHTS,37.785499,-122.244138,,,,,A,NO PEDESTRIANS INVOLVED,11/22/2024 5:45:00 PM,A,VC 21658(A),False,1,I-880 S/B,,,12/2/2024 11:52:32 AM,B,S,300.0,16TH AVENUE,F,,D,12/2/2024 11:52:39 AM,12/2/2024 11:52:39 AM,False,True,4,,11/22/2024 5:50:00 PM,1750,True,EMBEDDED,,True
4489007,9370-2024-03741,1,False,9370,11/21/2024 4:15:00 PM,1615,176,14,109,Oakland,1,True,True,C,REAR END,,Thursday,NotApplicable,False,,,False,True,True,ALAMEDA SUPERIOR COURT WILEY W. MANUEL COURTHOUSE,C,OTHER MOTOR VEHICLE,,0,0,A,DAYLIGHT,37.72887,-122.185887,,,,,A,NO PEDESTRIANS INVOLVED,11/21/2024 4:15:00 PM,A,VC 22350,False,1,I-880 N/B,,,12/2/2024 11:31:50 AM,A,S,1300.0,98TH AVENUE,F,,D,12/2/2024 11:31:52 AM,12/2/2024 11:31:52 AM,False,True,4,,11/21/2024 4:20:00 PM,1620,True,EMBEDDED,,True
4488940,9370-2024-03771,1,False,9370,11/24/2024 3:25:00 AM,325,176,14,109,Oakland,1,True,True,C,REAR END,,Sunday,NotApplicable,False,M,,False,True,False,ALAMEDA SUPERIOR COURT WILEY W. MANUEL COURTHOUSE,C,OTHER MOTOR VEHICLE,,0,0,C,DARK-STREET LIGHTS,37.761011,-122.214515,,,,,A,NO PEDESTRIANS INVOLVED,11/24/2024 3:25:00 AM,A,VC 22350,False,1,I-880 S/B,,,12/2/2024 11:11:41 AM,A,N,3150.0,66TH AVE,F,,D,12/2/2024 11:11:42 AM,12/2/2024 11:11:42 AM,False,True,4,,11/24/2024 3:29:00 AM,0329,False,,,True
4488933,9370-2024-03744,1,False,9370,11/22/2024 12:00:00 PM,1200,177,14,109,Oakland,1,True,True,C,REAR END,,Friday,NotApplicable,False,,,False,True,False,ALAMEDA SUPERIOR COURT WILEY W. MANUEL COURTHOUSE,C,OTHER MOTOR VEHICLE,,0,0,B,DUSK-DAWN,37.798095,-122.273581,,,,,A,NO PEDESTRIANS INVOLVED,11/22/2024 12:00:00 PM,A,VC 22350,False,1,I-880 N/B,,,12/2/2024 11:08:38 AM,B,S,356.0,BROADWAY,F,,D,12/2/2024 11:08:49 AM,12/2/2024 11:08:49 AM,False,True,4,,11/22/2024 12:20:00 PM,1220,False,,,True
4488924,9370-2024-03774,1,False,9370,11/22/2024 7:10:00 PM,1910,025,14,109,Oakland,1,True,True,C,REAR END,,Friday,NotApplicable,False,,,False,True,False,ALAMEDA SUPERIOR COURT WILEY W. MANUEL COURTHOUSE,C,OTHER MOTOR VEHICLE,,0,0,C,DARK-STREET LIGHTS,37.845025,-122.251003,,,,,A,NO PEDESTRIANS INVOLVED,11/22/2024 7:10:00 PM,A,VC 22350,False,1,SR-24 W/B,,,12/2/2024 11:06:50 AM,B,E,230.0,COLLEGE AVENUE,F,,D,12/2/2024 11:06:51 AM,12/2/2024 11:06:51 AM,False,True,4,,11/22/2024 7:14:00 PM,1914,False,,,True
4488882,9370-2024-03740,1,False,9370,11/21/2024 3:05:00 PM,1505,901,14,109,Oakland,1,True,True,D,BROADSIDE,,Thursday,NotApplicable,False,M,,False,False,False,ALAMEDA SUPERIOR COURT WILEY W. MANUEL COURTHOUSE,C,OTHER MOTOR VEHICLE,,0,0,A,DAYLIGHT,37.747709,-122.175358,,,,,A,NO PEDESTRIANS INVOLVED,11/21/2024 3:05:00 PM,A,VC 22450(a),False,1,92ND AVENUE (1300 BLOCK),,,12/2/2024 10:50:44 AM,A,,,A STREET,,,A,12/2/2024 10:50:47 AM,12/2/2024 10:50:47 AM,True,False,4,,11/21/2024 3:10:00 PM,1510,True,EMBEDDED,,True
4488689,24-026998,2,False,0109,5/31/2024 12:13:00 PM,1213,23X,14,109,Oakland,1,True,True,B,SIDE SWIPE,,Friday,,,,,False,False,False,,C,OTHER MOTOR VEHICLE,,0,0,A,DAYLIGHT,,,,,,,A,NO PEDESTRIANS INVOLVED,,A,21453A,,1,INTERNATIONAL BL,2,,,A,,,38TH AV,,,A,12/2/2024 9:43:24 AM,1/28/2025 12:09:47 PM,,,2,,,,,,,
4488640,24-049160,2,False,0109,10/2/2024 8:50:00 AM,850,04X,14,109,Oakland,1,True,True,D,BROADSIDE,,Wednesday,,,,,False,False,False,,C,OTHER MOTOR VEHICLE,,0,0,A,DAYLIGHT,,,,,,,A,NO PEDESTRIANS INVOLVED,,A,21453A,,1,19TH ST,1,,,A,,,HARRISON ST,,,A,12/2/2024 9:28:24 AM,1/28/2025 12:09:12 PM,,,2,,,,,,,
4488617,9370-2024-03782,1,False,9370,11/20/2024 7:50:00 PM,1950,055,14,109,Oakland,1,True,True,C,REAR END,,Wednesday,NotApplicable,False,,,False,True,False,ALAMEDA SUPERIOR COURT WILEY W. MANUEL COURTHOUSE,C,OTHER MOTOR VEHICLE,,0,0,D,DARK-NO STREET LIGHTS,37.827103,-122.285691,,,,,A,NO PEDESTRIANS INVOLVED,11/20/2024 7:50:00 PM,A,VC 22350,False,1,I-580 W/B,,,12/2/2024 9:19:05 AM,B,E,540.0,I-80 E/B,F,,D,12/2/2024 9:19:06 AM,12/2/2024 9:19:06 AM,False,True,4,,11/20/2024 8:50:00 PM,2050,False,,,True
4488573,24-051439,2,False,0109,10/16/2024 6:36:00 AM,636,20X,14,109,Oakland,1,True,True,A,HEAD-ON,,Wednesday,,,,,False,False,True,,C,OTHER MOTOR VEHICLE,,2,0,A,DAYLIGHT,,,,,,,A,NO PEDESTRIANS INVOLVED,,A,22107,,1,23RD AV,2,,,A,N,800.0,7TH ST,F,,D,12/2/2024 9:03:24 AM,1/28/2025 12:08:35 PM,,,2,,,,,,,
4488520,9370-2024-03724,1,False,9370,11/20/2024 7:47:00 AM,747,055,14,109,Oakland,1,True,True,B,SIDE SWIPE,,Wednesday,NotApplicable,False,M,,False,True,False,ALAMEDA SUPERIOR COURT WILEY W. MANUEL COURTHOUSE,C,OTHER MOTOR VEHICLE,,0,0,A,DAYLIGHT,37.826821,-122.286812,,,,,A,NO PEDESTRIANS INVOLVED,11/20/2024 7:47:00 AM,A,VC 21658(A),False,1,I-580 W/B,,,12/2/2024 8:41:32 AM,A,E,750.0,MANDELA PARKWAY,F,,D,12/2/2024 8:41:34 AM,12/2/2024 8:41:34 AM,False,True,4,,11/20/2024 8:00:00 AM,0800,False,,,True
4487227,9370-2024-03733,1,False,9370,11/21/2024 5:00:00 AM,500,013,14,109,Oakland,1,True,True,E,HIT OBJECT,,Thursday,NotApplicable,False,,,False,True,True,ALAMEDA SUPERIOR COURT WILEY W. MANUEL COURTHOUSE,I,FIXED OBJECT,CONCRETE WALL,1,0,C,DARK-STREET LIGHTS,37.846454,-122.227388,,,,,A,NO PEDESTRIANS INVOLVED,11/21/2024 5:00:00 AM,A,VC 22350,False,1,SR-13 N/B TO SR-24 E/B,,,11/28/2024 5:29:12 PM,B,S,610.0,BROADWAY,F,,D,11/28/2024 5:29:16 PM,11/28/2024 5:29:16 PM,False,True,4,False,11/21/2024 5:05:00 AM,0505,False,,,True
4487224,9370-2024-03693,1,False,9370,11/16/2024 4:20:00 PM,1620,008,14,109,Oakland,1,True,True,C,REAR END,,Saturday,NotApplicable,False,,,False,True,True,ALAMEDA SUPERIOR COURT WILEY W. MANUEL COURTHOUSE,C,OTHER MOTOR VEHICLE,,1,0,A,DAYLIGHT,37.824865,-122.305858,,,,,A,NO PEDESTRIANS INVOLVED,11/16/2024 4:20:00 PM,A,VC 23152(A),False,1,I-80 E/B,,,11/28/2024 5:03:46 PM,A,E,1060.0,MARITIME STREET,F,,D,11/28/2024 5:03:50 PM,11/28/2024 5:03:50 PM,False,True,4,True,11/16/2024 4:24:00 PM,1624,False,,,True
4486768,24030234,2,False,0109,6/17/2024 1:30:00 PM,1330,25X,14,109,Oakland,1,True,True,B,SIDE SWIPE,,Monday,,,M,,False,False,False,,E,PARKED MOTOR VEHICLE,,0,0,A,DAYLIGHT,,,,,,,A,NO PEDESTRIANS INVOLVED,,A,22107,,1,MACARTHUR BL,2,,,A,E,100.0,MAYBELLE ST,F,,D,11/27/2024 4:18:12 PM,1/28/2025 12:07:15 PM,,,2,,,,,,,
4486754,9370-2024-03801,1,False,9370,11/26/2024 9:15:00 AM,915,177,14,109,Oakland,1,True,True,C,REAR END,,Tuesday,NotApplicable,False,,,False,True,False,ALAMEDA SUPERIOR COURT WILEY W. MANUEL COURTHOUSE,C,OTHER MOTOR VEHICLE,,0,0,A,DAYLIGHT,37.792694,-122.263249,,,,,A,NO PEDESTRIANS INVOLVED,11/26/2024 9:15:00 AM,A,VC 22350,False,1,I-880 S/B,,,11/27/2024 3:57:59 PM,B,S,883.0,OAK ST,F,,D,11/27/2024 3:58:02 PM,11/27/2024 3:58:02 PM,False,True,4,,11/26/2024 9:23:00 AM,0923,False,,,True
4486722,9370-2024-03780,1,False,9370,11/25/2024 6:20:00 AM,620,055,14,109,Oakland,1,True,True,A,HEAD-ON,,Monday,NotApplicable,False,,,False,True,False,ALAMEDA SUPERIOR COURT WILEY W. MANUEL COURTHOUSE,I,FIXED OBJECT,CONCRETE MEDIAN,0,0,D,DARK-NO STREET LIGHTS,37.826374,-122.277068,,,,,A,NO PEDESTRIANS INVOLVED,11/25/2024 6:20:00 AM,A,VC 22350,False,1,I-580 E/B,,,11/27/2024 3:12:22 PM,B,W,300.0,SR-24 E/B,F,,D,11/27/2024 3:12:24 PM,11/27/2024 3:12:24 PM,False,True,4,,11/25/2024 6:22:00 AM,0622,False,,,True
4486708,9370-2024-03731,1,False,9370,11/21/2024 6:06:00 AM,606,177,14,109,Oakland,1,True,True,C,REAR END,,Thursday,NotApplicable,False,,,False,True,True,ALAMEDA SUPERIOR COURT WILEY W. MANUEL COURTHOUSE,C,OTHER MOTOR VEHICLE,,0,0,C,DARK-STREET LIGHTS,37.791925,-122.26228,,,,,A,NO PEDESTRIANS INVOLVED,11/21/2024 6:06:00 AM,A,VC 22350,False,1,I-880 S/B,,,11/27/2024 2:57:51 PM,B,S,1648.0,OAK ST,F,,D,11/27/2024 2:57:53 PM,11/27/2024 2:57:53 PM,False,True,4,,11/21/2024 6:07:00 AM,0607,False,,,True
4486703,9370-2024-03775,1,False,9370,11/23/2024 6:00:00 PM,1800,024,14,109,Oakland,1,True,True,C,REAR END,,Saturday,NotApplicable,False,,,False,True,False,ALAMEDA SUPERIOR COURT WILEY W. MANUEL COURTHOUSE,C,OTHER MOTOR VEHICLE,,0,0,D,DARK-NO STREET LIGHTS,37.841093,-122.262534,,,,,A,NO PEDESTRIANS INVOLVED,11/23/2024 6:00:00 PM,A,VC 22350,False,1,SR-24 W/B,,,11/27/2024 2:53:35 PM,A,E,140.0,TELEGRAPH AVE,F,,D,11/27/2024 2:53:38 PM,11/27/2024 2:53:38 PM,False,True,4,,11/23/2024 6:07:00 PM,1807,False,,,True
4486697,9370-2024-03770,1,False,9370,11/23/2024 11:00:00 AM,1100,024,14,109,Oakland,1,True,True,E,HIT OBJECT,,Saturday,NotApplicable,False,,,False,True,False,ALAMEDA SUPERIOR COURT WILEY W. MANUEL COURTHOUSE,I,FIXED OBJECT,CONCRETE BARRIER,0,0,A,DAYLIGHT,37.829237,-122.266579,,,,,A,NO PEDESTRIANS INVOLVED,11/23/2024 11:00:00 AM,A,VC 22350,False,1,SR-24 E/B,,,11/27/2024 2:43:52 PM,B,W,3000.0,51ST ST,F,,D,11/27/2024 2:43:53 PM,11/27/2024 2:43:53 PM,False,True,4,,11/23/2024 11:05:00 AM,1105,False,,,True
4486692,9370-2024-03752,1,False,9370,11/22/2024 7:30:00 PM,1930,052,14,109,Oakland,1,True,True,B,SIDE SWIPE,,Friday,NotApplicable,False,M,,False,True,False,ALAMEDA SUPERIOR COURT WILEY W. MANUEL COURTHOUSE,C,OTHER MOTOR VEHICLE,,0,0,C,DARK-STREET LIGHTS,37.76853,-122.153611,,,,,A,NO PEDESTRIANS INVOLVED,11/22/2024 7:30:00 PM,A,VC 21658(A),False,1,I-580 W/B,,,11/27/2024 2:37:15 PM,B,E,1750.0,KELLER AVE,F,,D,11/27/2024 2:37:17 PM,11/27/2024 2:37:17 PM,False,True,4,,11/22/2024 7:35:00 PM,1935,False,,,True
4486679,24-051324,2,False,0109,10/15/2024 1:30:00 PM,1330,02Y,14,109,Oakland,1,True,True,B,SIDE SWIPE,,Tuesday,,,,,False,False,False,,C,OTHER MOTOR VEHICLE,,0,0,A,DAYLIGHT,,,,,,,A,NO PEDESTRIANS INVOLVED,,A,21801A,,1,ADELINE ST,1,,,A,,,3RD ST,,,A,11/27/2024 2:28:12 PM,1/28/2025 12:08:35 PM,,,2,,,,,,,
4486587,9370-2024-03743,1,False,9370,11/21/2024 5:36:00 PM,1736,055,14,109,Oakland,1,True,True,B,SIDE SWIPE,,Thursday,NotApplicable,False,M,,False,True,False,ALAMEDA SUPERIOR COURT WILEY W. MANUEL COURTHOUSE,C,OTHER MOTOR VEHICLE,,0,0,B,DUSK-DAWN,37.826703,-122.286267,,,,,A,NO PEDESTRIANS INVOLVED,11/21/2024 5:36:00 PM,A,VC 21658(A),False,1,I-580 E/B,,,11/27/2024 1:56:33 PM,A,W,2177.0,SAN PABLO AVE,F,,D,11/27/2024 1:56:35 PM,11/27/2024 1:56:35 PM,False,True,4,,11/21/2024 5:46:00 PM,1746,False,,,True
4486568,9370-2024-03736,1,False,9370,11/21/2024 9:51:00 AM,951,008,14,109,Oakland,1,True,True,C,REAR END,,Thursday,NotApplicable,False,,,False,True,False,ALAMEDA SUPERIOR COURT WILEY W. MANUEL COURTHOUSE,C,OTHER MOTOR VEHICLE,,0,0,A,DAYLIGHT,37.825392,-122.303267,,,,,A,NO PEDESTRIANS INVOLVED,11/21/2024 9:51:00 AM,A,VC 21658(A),False,1,I-80 E/B TO I-580 E/B,,,11/27/2024 1:50:49 PM,B,E,2983.0,SAN FRANCISCO OAKLAND BAY BRIDGE TOLL PLAZA,F,,D,11/27/2024 1:50:51 PM,11/27/2024 1:50:51 PM,False,True,4,True,11/21/2024 9:56:00 AM,0956,False,,,True
4486537,9370-2024-03739,1,False,9370,11/21/2024 8:57:00 AM,857,054,14,109,Oakland,1,True,True,E,HIT OBJECT,,Thursday,NotApplicable,False,,,False,True,False,ALAMEDA SUPERIOR COURT WILEY W. MANUEL COURTHOUSE,I,FIXED OBJECT,CENTER CONCRETE/SHOULDER,1,0,A,DAYLIGHT,37.80937,-122.245174,,,,,A,NO PEDESTRIANS INVOLVED,11/21/2024 8:57:00 AM,A,VC 22350,False,1,I-580 E/B,,,11/27/2024 1:39:43 PM,B,E,369.0,LAKESHORE AVE,F,,D,11/27/2024 1:39:44 PM,11/27/2024 1:39:44 PM,False,True,4,,11/21/2024 8:59:00 AM,0859,False,,,True
4486516,24-050683,3,False,0109,10/11/2024 9:56:00 AM,956,19X,14,109,Oakland,1,True,True,B,SIDE SWIPE,,Friday,,,,,False,False,False,,C,OTHER MOTOR VEHICLE,,1,0,A,DAYLIGHT,,,,,,,A,NO PEDESTRIANS INVOLVED,,A,22106,,1,E 15TH ST,1,,,A,W,20.0,8TH AV,F,,C,11/27/2024 1:33:12 PM,1/28/2025 12:03:50 PM,,,2,,,,,,,
4486469,24-051621,2,False,0109,10/17/2024 9:27:00 AM,927,23X,14,109,Oakland,1,True,True,C,REAR END,,Thursday,,,,,False,False,False,,C,OTHER MOTOR VEHICLE,,0,0,A,DAYLIGHT,,,,,,,A,NO PEDESTRIANS INVOLVED,,A,22107,,1,INTERNATIONAL BL,2,,,A,W,60.0,HIGH ST,F,,D,11/27/2024 1:13:12 PM,1/28/2025 12:09:13 PM,,,2,,,,,,,
4486443,24-043327,2,False,0109,8/29/2024 8:08:00 PM,2008,02Y,14,109,Oakland,1,True,True,G,VEHICLE/PEDESTRAIN,,Thursday,,,M,,False,False,False,,B,PEDESTRIAN,,1,0,C,DARK-STREET LIGHTS,,,,,,,E,IN ROAD - INCLUDES SHOULDER,,A,22106,,1,KIRKHAM ST,1,,,A,N,50.0,5TH ST,F,,D,11/27/2024 1:03:12 PM,1/28/2025 12:08:34 PM,,,2,,,,,,,
4486405,24-049048,2,False,0109,10/1/2024 2:48:00 PM,1448,15X,14,109,Oakland,1,True,True,G,VEHICLE/PEDESTRAIN,,Tuesday,,,M,,False,False,False,,G,BICYCLE,,1,0,A,DAYLIGHT,,,,,,,E,IN ROAD - INCLUDES SHOULDER,,A,21801A,,1,LAKESHORE AV,1,,,A,,,BROOKLYN AV,,,A,11/27/2024 12:53:12 PM,1/28/2025 12:08:54 PM,,,2,,,,,,,
4486392,24-050430,2,False,0109,10/9/2024 7:32:00 PM,1932,33X,14,109,Oakland,1,True,True,C,REAR END,,Wednesday,,,M,,False,False,False,,E,PARKED MOTOR VEHICLE,,1,0,C,DARK-STREET LIGHTS,,,,,,,A,NO PEDESTRIANS INVOLVED,,A,22107,,1,87TH AV,2,,,A,E,215.0,D ST,F,,D,11/27/2024 12:48:12 PM,1/28/2025 12:08:54 PM,,,2,,,,,,,
4486391,24-051515,2,False,0109,10/16/2024 2:27:00 PM,1427,27X,14,109,Oakland,1,True,True,A,HEAD-ON,,Wednesday,,,,,False,False,False,,I,FIXED OBJECT,,0,0,A,DAYLIGHT,,,,,,,A,NO PEDESTRIANS INVOLVED,,A,22107,,1,INTERNATIONAL BL,2,,,A,,,54TH AV,,,A,11/27/2024 12:48:12 PM,1/28/2025 12:09:13 PM,,,2,,,,,,,
4486379,24-051411,2,False,0109,10/15/2024 11:55:00 PM,2355,35X,14,109,Oakland,1,True,True,B,SIDE SWIPE,,Tuesday,,,,,False,False,False,,I,FIXED OBJECT,,0,0,C,DARK-STREET LIGHTS,,,,,,,A,NO PEDESTRIANS INVOLVED,,A,22107,,1,GOLF LINKS RD,2,,,A,W,31.0,RT 580,F,,A,11/27/2024 12:43:12 PM,1/28/2025 12:09:13 PM,,,2,,,,,,,
4486338,24-051619,2,False,0109,10/17/2024 9:20:00 AM,920,15X,14,109,Oakland,1,True,True,D,BROADSIDE,,Thursday,,,M,,False,False,False,,C,OTHER MOTOR VEHICLE,,0,0,A,DAYLIGHT,,,,,,,A,NO PEDESTRIANS INVOLVED,,A,22450A,,1,FOOTHILL AV,1,,,A,,,4TH AV,,,A,11/27/2024 12:28:11 PM,1/28/2025 12:09:13 PM,,,2,,,,,,,
4486318,24-051546,2,False,0109,10/16/2024 6:20:00 PM,1820,23X,14,109,Oakland,1,True,True,B,SIDE SWIPE,,Wednesday,,,,,False,False,False,,C,OTHER MOTOR VEHICLE,,0,0,A,DAYLIGHT,,,,,,,A,NO PEDESTRIANS INVOLVED,,A,22107,,1,INTERNATIONAL BL,2,,,A,W,15.0,38TH AV,F,,A,11/27/2024 12:18:11 PM,1/28/2025 12:08:32 PM,,,2,,,,,,,
4486303,24-049605,3,False,0109,10/4/2024 9:00:00 PM,2100,26Y,14,109,Oakland,1,True,True,B,SIDE SWIPE,,Friday,,,M,,False,False,False,,E,PARKED MOTOR VEHICLE,,0,0,C,DARK-STREET LIGHTS,,,,,,,A,NO PEDESTRIANS INVOLVED,,A,22107,,1,71ST AV,2,,,A,S,40.0,HAMILTON ST,F,,D,11/27/2024 12:13:11 PM,1/28/2025 12:08:32 PM,,,2,,,,,,,
4486232,24-050778,2,False,0109,10/11/2024 4:31:00 PM,1631,05X,14,109,Oakland,1,True,True,B,SIDE SWIPE,,Friday,,,,,False,False,False,,C,OTHER MOTOR VEHICLE,,0,0,A,DAYLIGHT,,,,,,,A,NO PEDESTRIANS INVOLVED,,A,21801A,,1,WEST GRAND AV,1,,,A,,,MANDELA PKWY,,,A,11/27/2024 11:43:11 AM,1/28/2025 12:08:39 PM,,,2,,,,,,,
4486147,24-048785,2,False,0109,9/29/2024 8:35:00 PM,2035,17X,14,109,Oakland,1,True,True,B,SIDE SWIPE,,Sunday,,,F,,False,False,False,,C,OTHER MOTOR VEHICLE,,0,0,C,DARK-STREET LIGHTS,,,,,,,A,NO PEDESTRIANS INVOLVED,,A,22107,,1,FOOTHILL BL,1,,,A,,,5TH AV,,,D,11/27/2024 11:13:11 AM,1/28/2025 12:09:04 PM,,,2,,,,,,,