collision-id,report-number,report-version,is-preliminary,ncic-code,crash-date-time,crash-time-description,beat,city-id,city-code,city-name,county-code,city-is-active,city-is-incorporated,collision-type-code,collision-type-description,collision-type-other-desc,day-of-week,dispatch-notified,has-photographs,hit-run,is-attachments-mailed,is-deleted,is-highway-related,is-tow-away,judicial-district,motor-vehicle-involved-with-code,motor-vehicle-involved-with-desc,motor-vehicle-involved-with-other-desc,number-injured,number-killed,lighting-code,lighting-description,latitude,longitude,milepost-direction,milepost-distance,milepost-marker,milepost-unit-of-measure,pedestrian-action-code,pedestrian-action-desc,prepared-date,primary-collision-factor-code,primary-collision-factor-description,primary-collision-factor-is-cited,primary-collision-party-number,primary-road,reporting-district,reporting-district-code,reviewed-date,roadway-surface-code,secondary-direction,secondary-distance,secondary-road,secondary-unit-of-measure,sketch-desc,traffic-control-device-code,created-date,modified-date,is-county-road,is-freeway,chp-555-version,is-additonal-object-struck,notification-date,notification-time-description,has-digital-media-files,evidence-number,is-location-refer-to-narrative,is-aoi-one-same-as-location
4508885,24-055535,2,False,0109,11/8/2024 10:23:00 AM,1023,33X,14,109,Oakland,1,True,True,G,VEHICLE/PEDESTRAIN,,Friday,,,M,,False,False,False,,G,BICYCLE,,1,0,A,DAYLIGHT,,,,,,,B,CROSSING IN CROSS WALK AT INTERSECTION,,A,22107,,1,D ST,2,,,A,,,98TH AV,,,A,12/18/2024 12:20:19 PM,1/28/2025 12:12:32 PM,,,2,,,,,,,
4508884,24058188,2,False,0109,11/25/2024 9:20:00 AM,920,32X,14,109,Oakland,1,True,True,H,OTHER,,Monday,,,M,,False,False,False,,E,PARKED MOTOR VEHICLE,,0,0,A,DAYLIGHT,,,,,,,A,NO PEDESTRIANS INVOLVED,,A,22350,,1,TRUMAN AV,2,,,B,S,100.0,STANLEY AV,F,,D,12/18/2024 12:20:19 PM,1/28/2025 11:44:42 AM,,,2,,,,,,,
4508852,24057970,2,False,0109,11/23/2024 8:26:00 PM,2026,30X,14,109,Oakland,1,True,True,E,HIT OBJECT,,Saturday,,,M,,False,False,False,,I,FIXED OBJECT,,0,0,C,DARK-STREET LIGHTS,,,,,,,A,NO PEDESTRIANS INVOLVED,,A,22107,,1,INTERNATIONAL BL,2,,,B,,,67TH AV,,,D,12/18/2024 12:05:19 PM,1/28/2025 11:44:42 AM,,,2,,,,,,,
4508831,24057877,2,False,0109,11/23/2024 4:14:00 AM,414,12X,14,109,Oakland,1,True,True,E,HIT OBJECT,,Saturday,,,F,,False,False,False,,E,PARKED MOTOR VEHICLE,,0,0,C,DARK-STREET LIGHTS,,,,,,,A,NO PEDESTRIANS INVOLVED,,A,22350,,1,41ST ST,1,,,B,N,120.0,40TH ST,F,,A,12/18/2024 11:55:19 AM,1/28/2025 11:44:42 AM,,,2,,,,,,,
4508816,24056927,2,False,0109,11/17/2024 3:30:00 PM,1530,27X,14,109,Oakland,1,True,True,A,HEAD-ON,,Sunday,,,M,,False,False,False,,C,OTHER MOTOR VEHICLE,,0,0,A,DAYLIGHT,,,,,,,A,NO PEDESTRIANS INVOLVED,,A,22107,,1,WADEAN PL,2,,,A,,,54TH AV,,,A,12/18/2024 11:45:19 AM,1/28/2025 11:44:42 AM,,,2,,,,,,,
4508796,24056639,2,False,0109,11/15/2024 11:57:00 AM,1157,26X,14,109,Oakland,1,True,True,C,REAR END,,Friday,,,M,,False,False,False,,C,OTHER MOTOR VEHICLE,,0,0,A,DAYLIGHT,,,,,,,A,NO PEDESTRIANS INVOLVED,,A,22350,,1,INTERNATIONAL BL,2,,,A,W,20.0,46TH AV,F,,A,12/18/2024 11:30:19 AM,1/28/2025 11:44:38 AM,,,2,,,,,,,
4508794,24056287,2,False,0109,11/13/2024 1:55:00 AM,155,28X,14,109,Oakland,1,True,True,B,SIDE SWIPE,,Wednesday,,,M,,False,False,False,,E,PARKED MOTOR VEHICLE,,0,0,C,DARK-STREET LIGHTS,,,,,,,A,NO PEDESTRIANS INVOLVED,,A,22107,,1,VIRGINIA ST,2,,,A,,,HERRIOTT AV,,,D,12/18/2024 11:30:19 AM,1/28/2025 11:44:38 AM,,,2,,,,,,,
4508747,24055796,2,False,0109,11/10/2024 4:28:00 AM,428,21X,14,109,Oakland,1,True,True,A,HEAD-ON,,Sunday,,,,,False,False,False,,I,FIXED OBJECT,,0,0,C,DARK-STREET LIGHTS,,,,,,,A,NO PEDESTRIANS INVOLVED,,A,22107,,1,FRUITVALE AV,2,,,A,,,CORDOVA ST,,,D,12/18/2024 11:00:19 AM,1/28/2025 11:44:37 AM,,,2,,,,,,,
4508621,9370-2024-04000,1,False,9370,12/14/2024 6:05:00 AM,605,024,14,109,Oakland,1,True,True,D,BROADSIDE,,Saturday,NotApplicable,False,,,False,True,False,ALAMEDA SUPERIOR COURT WILEY W. MANUEL COURTHOUSE,C,OTHER MOTOR VEHICLE,,0,0,D,DARK-NO STREET LIGHTS,37.845235,-122.250464,,,,,A,NO PEDESTRIANS INVOLVED,12/14/2024 6:05:00 AM,A,VC 22350,False,1,SR 24 W/B,,,12/18/2024 10:13:49 AM,B,E,410.0,COLLEGE AVE,F,,D,12/18/2024 10:13:52 AM,12/18/2024 10:13:52 AM,False,True,4,,12/14/2024 6:05:00 AM,0605,False,,,True
4508567,9201-2024-00006,1,False,9370,12/1/2024 4:10:00 AM,410,901,14,109,Oakland,1,True,True,D,BROADSIDE,,Sunday,NotApplicable,False,,,False,False,False,ALAMEDA SUPERIOR COURT WILEY W. MANUEL COURTHOUSE,C,OTHER MOTOR VEHICLE,,0,0,C,DARK-STREET LIGHTS,37.729473,-122.194074,,,,,A,NO PEDESTRIANS INVOLVED,12/1/2024 4:10:00 AM,A,VC 22350,False,1,98TH AVENUE,,,12/18/2024 9:46:11 AM,A,,,BIGGE STREET,,,A,12/18/2024 9:46:16 AM,12/18/2024 9:46:16 AM,False,False,4,,12/1/2024 4:15:00 AM,0415,False,,False,True
4508473,9370-2024-03995,1,False,9370,12/14/2024 12:00:00 AM,2050,008,14,109,Oakland,1,True,True,C,REAR END,,Saturday,NotApplicable,False,M,,False,True,True,ALAMEDA SUPERIOR COURT WILEY W. MANUEL COURTHOUSE,C,OTHER MOTOR VEHICLE,,0,0,D,DARK-NO STREET LIGHTS,37.82422,-122.311368,,,,,A,NO PEDESTRIANS INVOLVED,12/14/2024 12:00:00 AM,A,VC 21658(a),False,1,I-80 E/B,,,12/18/2024 9:16:31 AM,B,W,512.0,MARITIME STREET,F,,D,12/18/2024 9:16:32 AM,12/18/2024 9:16:32 AM,False,True,4,,12/14/2024 12:00:00 AM,2055,False,,,True
4508318,24-053837,2,False,0109,10/29/2024 4:46:00 PM,1646,19X,14,109,Oakland,1,True,True,D,BROADSIDE,,Tuesday,,,,,False,False,False,,C,OTHER MOTOR VEHICLE,,0,0,A,DAYLIGHT,,,,,,,A,NO PEDESTRIANS INVOLVED,,A,21802A,,1,8TH AV,1,,,A,,,E 11TH ST,,,A,12/18/2024 8:15:16 AM,1/28/2025 12:13:27 PM,,,2,,,,,,,
4508313,9370-2024-03999,1,False,9370,12/13/2024 11:45:00 PM,2345,054,14,109,Oakland,1,True,True,C,REAR END,,Friday,NotApplicable,False,M,,False,True,False,ALAMEDA SUPERIOR COURT WILEY W. MANUEL COURTHOUSE,C,OTHER MOTOR VEHICLE,,0,0,D,DARK-NO STREET LIGHTS,37.808377,-122.241446,,,,,A,NO PEDESTRIANS INVOLVED,12/13/2024 11:45:00 PM,A,VC 22350,False,1,I-580 W/B,,,12/18/2024 8:13:45 AM,B,E,1448.0,LAKESHORE AVE,F,,D,12/18/2024 8:13:47 AM,12/18/2024 8:13:47 AM,False,True,4,,12/13/2024 11:45:00 PM,2345,False,,,True
4508297,24-054270,2,False,0109,10/31/2024 9:03:00 PM,2103,03X,14,109,Oakland,1,True,True,F,OVERTURNED,,Thursday,,,,,False,False,False,,C,OTHER MOTOR VEHICLE,,0,0,C,DARK-STREET LIGHTS,,,,,,,A,NO PEDESTRIANS INVOLVED,,A,21453A,,1,JEFFERSON ST,1,,,A,,,7TH ST,,,A,12/18/2024 8:05:16 AM,1/28/2025 12:13:26 PM,,,2,,,,,,,
4508291,9370-2024-03961,1,False,9370,12/11/2024 10:00:00 PM,2200,008,14,109,Oakland,1,True,True,B,SIDE SWIPE,,Wednesday,NotApplicable,False,M,,False,True,False,ALAMEDA SUPERIOR COURT WILEY W. MANUEL COURTHOUSE,C,OTHER MOTOR VEHICLE,,0,0,C,DARK-STREET LIGHTS,37.826405,-122.298341,,,,,A,NO PEDESTRIANS INVOLVED,12/11/2024 10:00:00 PM,A,VC 22107,False,1,I-80 E/B,,,12/18/2024 8:00:57 AM,A,W,2122.0,BEACH ST,F,,D,12/18/2024 8:00:58 AM,12/18/2024 8:00:58 AM,False,True,4,,12/11/2024 10:07:00 PM,2207,False,,,True
4508286,24-051685,2,False,0109,10/17/2024 4:00:00 PM,1600,19X,14,109,Oakland,1,True,True,C,REAR END,,Thursday,,,M,,False,False,False,,C,OTHER MOTOR VEHICLE,,0,0,A,DAYLIGHT,,,,,,,A,NO PEDESTRIANS INVOLVED,,A,22350,,1,INTERNATIONAL BL,1,,,A,W,30.0,9TH AV,F,,A,12/18/2024 8:00:16 AM,1/28/2025 12:13:26 PM,,,2,,,,,,,
4508243,24-053469,2,False,0109,10/27/2024 5:51:00 PM,1751,30X,14,109,Oakland,1,True,True,B,SIDE SWIPE,,Sunday,,,,,False,False,False,,C,OTHER MOTOR VEHICLE,,0,0,B,DUSK-DAWN,,,,,,,A,NO PEDESTRIANS INVOLVED,,A,21801A,,1,73RD AV,2,,,A,,,WELD ST,,,A,12/18/2024 7:45:16 AM,1/28/2025 12:13:26 PM,,,2,,,,,,,
4508195,9370-2024-03811,1,False,9370,11/26/2024 11:30:00 PM,2330,176,14,109,Oakland,1,True,True,B,SIDE SWIPE,,Tuesday,NotApplicable,False,,,False,True,False,ALAMEDA SUPERIOR COURT WILEY W. MANUEL COURTHOUSE,C,OTHER MOTOR VEHICLE,,0,0,D,DARK-NO STREET LIGHTS,37.771309,-122.222744,,,,,A,NO PEDESTRIANS INVOLVED,11/26/2024 11:30:00 PM,A,VC 22107,False,1,I-880 N/B,,,12/18/2024 7:13:30 AM,A,N,760.0,HIGH STREET,F,,D,12/18/2024 7:13:31 AM,12/18/2024 7:13:31 AM,False,True,4,,11/26/2024 11:31:00 PM,2331,False,,,True
4508190,9370-2024-03945,1,False,9370,12/10/2024 7:00:00 PM,1900,177,14,109,Oakland,1,True,True,B,SIDE SWIPE,,Tuesday,NotApplicable,False,,,False,True,False,ALAMEDA SUPERIOR COURT WILEY W. MANUEL COURTHOUSE,C,OTHER MOTOR VEHICLE,,0,0,D,DARK-NO STREET LIGHTS,37.789447,-122.256117,,,,,A,NO PEDESTRIANS INVOLVED,12/10/2024 7:00:00 PM,B,UNSAFE MERGE,,1,I-880 S/B,,,12/18/2024 7:09:51 AM,A,N,1000.0,10TH AVE,F,,D,12/18/2024 7:09:53 AM,12/18/2024 7:09:53 AM,False,True,4,,12/10/2024 7:03:00 PM,1903,False,,False,True
4508144,24-048446,5,False,0109,9/27/2024 2:45:00 PM,1445,31Y,14,109,Oakland,1,True,True,D,BROADSIDE,,Friday,,,,,False,True,False,,C,OTHER MOTOR VEHICLE,,0,0,A,DAYLIGHT,,,,,,,A,NO PEDESTRIANS INVOLVED,,A,21453,,,98TH AV,2,,,A,,,RT 880,,,A,12/18/2024 6:35:16 AM,1/28/2025 12:01:41 PM,,,2,,,,,,,
4508140,24-050806,3,False,0109,10/11/2024 5:46:00 PM,1746,07X,14,109,Oakland,1,True,True,B,SIDE SWIPE,,Friday,,,,,False,False,False,,E,PARKED MOTOR VEHICLE,,0,0,A,DAYLIGHT,,,,,,,A,NO PEDESTRIANS INVOLVED,,B,,,1,CHESTNUT ST,1,,,A,N,71.0,24TH ST,F,,D,12/18/2024 6:30:16 AM,1/28/2025 12:01:40 PM,,,2,,,,,,,
4507828,9370-2024-03975,1,False,9370,12/12/2024 5:42:00 PM,1742,055,14,109,Oakland,1,True,True,C,REAR END,,Thursday,NotApplicable,False,,,False,True,False,ALAMEDA SUPERIOR COURT WILEY W. MANUEL COURTHOUSE,C,OTHER MOTOR VEHICLE,,0,0,C,DARK-STREET LIGHTS,37.829036,-122.266478,,,,,A,NO PEDESTRIANS INVOLVED,12/12/2024 5:42:00 PM,A,VC 22350,False,1,SR-24 E/B,,,12/17/2024 6:22:21 PM,B,W,250.0,40TH ST,F,,D,12/17/2024 6:22:26 PM,12/17/2024 6:22:26 PM,False,True,4,,12/12/2024 5:47:00 PM,1747,False,,,True
4507818,9370-2024-03901,1,False,9370,12/6/2024 5:55:00 AM,555,052,14,109,Oakland,1,True,True,F,OVERTURNED,,Friday,Yes,False,,,False,True,False,ALAMEDA SUPERIOR COURT WILEY W. MANUEL COURTHOUSE,A,NON-COLLISION,,1,0,D,DARK-NO STREET LIGHTS,37.756891,-122.148586,,,,,A,NO PEDESTRIANS INVOLVED,12/6/2024 5:55:00 AM,C,,,,I-580 E/B,,,12/17/2024 5:51:53 PM,A,W,1300.0,98TH AVENUE,F,,D,12/17/2024 5:51:55 PM,12/17/2024 5:51:55 PM,False,True,4,,12/6/2024 6:00:00 AM,0600,False,,,True
4507793,9370-2024-03973,1,False,9370,12/12/2024 8:35:00 AM,835,052,14,109,Oakland,1,True,True,C,REAR END,,Thursday,NotApplicable,False,M,,False,True,False,ALAMEDA SUPERIOR COURT WILEY W. MANUEL COURTHOUSE,C,OTHER MOTOR VEHICLE,,0,0,A,DAYLIGHT,37.78421,-122.184333,,,,,A,NO PEDESTRIANS INVOLVED,12/12/2024 8:35:00 AM,A,VC 22350,False,1,I-580 W/B,,,12/17/2024 5:07:10 PM,B,E,1222.0,MACARTHUR BLVD,F,,D,12/17/2024 5:07:13 PM,12/17/2024 5:07:13 PM,False,True,4,,12/12/2024 8:40:00 AM,0840,False,,,True
4507750,24055432,2,False,0109,11/7/2024 4:18:00 PM,1618,30X,14,109,Oakland,1,True,True,B,SIDE SWIPE,,Thursday,,,,,False,False,False,,E,PARKED MOTOR VEHICLE,,0,0,A,DAYLIGHT,,,,,,,A,NO PEDESTRIANS INVOLVED,,A,22107,,1,82ND AV,2,,,A,N,200.0,INTERNATIONAL BL,F,,A,12/17/2024 4:20:15 PM,1/28/2025 11:44:37 AM,,,2,,,,,,,
4507735,9370-2024-03960,1,False,9370,12/11/2024 7:41:00 PM,1941,053,14,109,Oakland,1,True,True,E,HIT OBJECT,,Wednesday,NotApplicable,False,,,False,True,False,ALAMEDA SUPERIOR COURT WILEY W. MANUEL COURTHOUSE,I,FIXED OBJECT,METAL BUMPER,0,0,D,DARK-NO STREET LIGHTS,37.799843,-122.223104,,,,,A,NO PEDESTRIANS INVOLVED,12/11/2024 7:41:00 PM,C,,,,I-580 WESTBOUND,,,12/17/2024 4:13:09 PM,A,E,300.0,ARDELY AVENUE,F,,D,12/17/2024 4:13:11 PM,12/17/2024 4:13:11 PM,False,True,4,,12/11/2024 7:43:00 PM,1943,False,,,True
4507732,9370-2024-03959,1,False,9370,12/11/2024 7:40:00 PM,1940,053,14,109,Oakland,1,True,True,E,HIT OBJECT,,Wednesday,NotApplicable,False,,,False,True,False,ALAMEDA SUPERIOR COURT WILEY W. MANUEL COURTHOUSE,J,OTHER OBJECT,METAL BUMPER,0,0,D,DARK-NO STREET LIGHTS,37.799777,-122.222749,,,,,A,NO PEDESTRIANS INVOLVED,12/11/2024 7:40:00 PM,C,,,,I-580 W/B,,,12/17/2024 4:11:05 PM,A,E,400.0,ARDLEY AVENUE,F,,D,12/17/2024 4:11:07 PM,12/17/2024 4:11:07 PM,False,True,4,,12/11/2024 7:43:00 PM,1943,False,,,True
4507682,24056520,2,False,0109,11/14/2024 5:32:00 PM,1732,30X,14,109,Oakland,1,True,True,D,BROADSIDE,,Thursday,,,,,False,False,True,,C,OTHER MOTOR VEHICLE,,0,0,C,DARK-STREET LIGHTS,,,,,,,A,NO PEDESTRIANS INVOLVED,,A,21453A,,1,BANCROFT AV,2,,,A,,,82ND AV,,,A,12/17/2024 3:35:15 PM,1/28/2025 11:44:38 AM,,,2,,,,,,,
4507657,24056192,2,False,0109,11/12/2024 2:05:00 PM,1405,23X,14,109,Oakland,1,True,True,A,HEAD-ON,,Tuesday,,,,,False,False,False,,,,,0,0,A,DAYLIGHT,,,,,,,A,NO PEDESTRIANS INVOLVED,,A,22450A,,1,35TH AV,2,,,A,,,E 18TH ST,,,A,12/17/2024 3:20:15 PM,1/28/2025 11:44:38 AM,,,2,,,,,,,
4507643,24056059,2,False,0109,11/11/2024 4:35:00 PM,1635,32X,14,109,Oakland,1,True,True,C,REAR END,,Monday,,,,,False,False,False,,C,OTHER MOTOR VEHICLE,,0,0,A,DAYLIGHT,,,,,,,A,NO PEDESTRIANS INVOLVED,,A,22350,,1,90TH AV,2,,,A,,,INTERNATIONAL BL,,,A,12/17/2024 3:10:14 PM,1/28/2025 11:44:37 AM,,,2,,,,,,,
4507615,24056089,2,False,0109,11/11/2024 9:57:00 PM,2157,03X,14,109,Oakland,1,True,True,D,BROADSIDE,,Monday,,,,,False,False,False,,C,OTHER MOTOR VEHICLE,,0,0,C,DARK-STREET LIGHTS,,,,,,,A,NO PEDESTRIANS INVOLVED,,A,22107,,1,7TH ST,1,,,A,,,CLAY ST,,,D,12/17/2024 2:55:14 PM,1/28/2025 11:44:37 AM,,,2,,,,,,,
4507530,24055599,2,False,0109,11/8/2024 7:07:00 PM,1907,27X,14,109,Oakland,1,True,True,D,BROADSIDE,,Friday,,,,,False,False,False,,C,OTHER MOTOR VEHICLE,,0,0,C,DARK-STREET LIGHTS,,,,,,,A,NO PEDESTRIANS INVOLVED,,A,21802A,,1,46TH AV,2,,,A,,,BANCROFT AV,,,A,12/17/2024 2:15:14 PM,1/28/2025 11:44:37 AM,,,2,,,,,,,
4507503,24055462,2,False,0109,11/7/2024 6:00:00 PM,1800,30X,14,109,Oakland,1,True,True,B,SIDE SWIPE,,Thursday,,,,,False,False,False,,C,OTHER MOTOR VEHICLE,,0,0,A,DAYLIGHT,,,,,,,A,NO PEDESTRIANS INVOLVED,,A,21804A,,1,FRESNO ST,2,,,A,E,150.0,CHURCH ST,F,,A,12/17/2024 2:05:14 PM,1/28/2025 11:44:37 AM,,,2,,,,,,,
4507478,24056553,2,False,0109,11/14/2024 9:34:00 PM,2134,09X,14,109,Oakland,1,True,True,B,SIDE SWIPE,,Thursday,,,,,False,False,False,,C,OTHER MOTOR VEHICLE,,0,0,C,DARK-STREET LIGHTS,,,,,,,A,NO PEDESTRIANS INVOLVED,,A,22107,,1,MACARTHUR BL,1,,,A,,,OAKLAND AV,,,A,12/17/2024 1:55:14 PM,1/28/2025 11:44:38 AM,,,2,,,,,,,
4507413,24057151,2,False,0109,11/19/2024 8:21:00 AM,821,10X,14,109,Oakland,1,True,True,A,HEAD-ON,,Tuesday,,,,,False,False,False,,C,OTHER MOTOR VEHICLE,,0,0,A,DAYLIGHT,,,,,,,A,NO PEDESTRIANS INVOLVED,,A,221005,,1,SAN PABLO AV,1,,,A,,,53RD ST,,,A,12/17/2024 1:35:14 PM,1/28/2025 11:44:42 AM,,,2,,,,,,,
4507411,24-057041,2,False,0109,11/18/2024 1:45:00 PM,1345,32X,14,109,Oakland,1,True,True,C,REAR END,,Monday,,,,,False,False,False,,E,PARKED MOTOR VEHICLE,,0,0,A,DAYLIGHT,,,,,,,A,NO PEDESTRIANS INVOLVED,,A,22350,,1,BANCROFT AV,2,,,A,E,50.0,98TH AV,F,,D,12/17/2024 1:35:14 PM,1/28/2025 12:13:33 PM,,,2,,,,,,,
4507396,24-056371,2,False,0109,11/13/2024 2:21:00 PM,1421,14X,14,109,Oakland,1,True,True,C,REAR END,,Wednesday,,,,,False,False,False,,C,OTHER MOTOR VEHICLE,,0,0,A,DAYLIGHT,,,,,,,A,NO PEDESTRIANS INVOLVED,,A,21703,,1,LAKE PARK AV,1,,,A,E,5.0,WALKER AV,F,,A,12/17/2024 1:30:14 PM,1/28/2025 12:13:33 PM,,,2,,,,,,,
4507388,9335-2024-02925,1,False,9335,12/11/2024 8:40:00 PM,2040,084,14,109,Oakland,1,True,True,C,REAR END,,Wednesday,NotApplicable,False,M,,False,True,False,ALAMEDA SUPERIOR COURT ALAMEDA,C,OTHER MOTOR VEHICLE,,0,0,C,DARK-STREET LIGHTS,37.819129,-122.347982,,,,,A,NO PEDESTRIANS INVOLVED,12/11/2024 8:40:00 PM,A,VC 22350,False,1,I-80 E/B,,,12/17/2024 1:25:38 PM,B,E,600.0,SAN FRANCISCO/ALAMEDA COUNTY LINE,F,,D,12/17/2024 1:25:42 PM,12/17/2024 1:25:42 PM,False,True,4,,12/11/2024 8:45:00 PM,2045,False,,,True
4507308,24-055890,3,False,0109,11/10/2024 7:34:00 PM,1934,17X,14,109,Oakland,1,True,True,D,BROADSIDE,,Sunday,,,,,False,False,False,,C,OTHER MOTOR VEHICLE,,0,0,B,DUSK-DAWN,,,,,,,A,NO PEDESTRIANS INVOLVED,,A,21453A,,1,BEAUMONT AV,1,,,A,,,MACARTHUR BL,,,A,12/17/2024 1:00:14 PM,1/28/2025 12:04:09 PM,,,2,,,,,,,
4507289,24-055998,2,False,0109,11/11/2024 11:23:00 AM,1123,29X,14,109,Oakland,1,True,True,D,BROADSIDE,,Monday,,,,,False,False,False,,C,OTHER MOTOR VEHICLE,,1,0,A,DAYLIGHT,,,,,,,A,NO PEDESTRIANS INVOLVED,,A,22450A,,,BANCROFT AV,2,,,B,,,64TH AV,,,D,12/17/2024 12:50:14 PM,1/28/2025 11:44:49 AM,,,2,,,,,,,
4507247,24-049586,2,False,0109,10/4/2024 7:39:00 AM,739,26X,14,109,Oakland,1,True,True,B,SIDE SWIPE,,Friday,,,,,False,False,False,,C,OTHER MOTOR VEHICLE,,1,0,A,DAYLIGHT,,,,,,,A,NO PEDESTRIANS INVOLVED,,A,22107,,1,INTERNATIONAL BL,2,,,A,,,65TH AV,,,A,12/17/2024 12:30:13 PM,1/28/2025 12:03:51 PM,,,2,,,,,,,
4507216,9370-2024-03955,1,False,9370,12/11/2024 5:10:00 PM,1710,008,14,109,Oakland,1,True,True,C,REAR END,,Wednesday,NotApplicable,False,,,False,True,True,ALAMEDA SUPERIOR COURT WILEY W. MANUEL COURTHOUSE,C,OTHER MOTOR VEHICLE,,0,0,C,DARK-STREET LIGHTS,37.82409,-122.3114,,,,,A,NO PEDESTRIANS INVOLVED,12/11/2024 5:10:00 PM,A,VC 22350,False,1,I-80 E/B,,,12/17/2024 12:17:24 PM,A,W,524.0,WEST GRAND AVE,F,,D,12/17/2024 12:17:25 PM,12/17/2024 12:17:25 PM,False,True,4,,12/11/2024 5:11:00 PM,1711,False,,,True
4507193,9370-2024-03956,1,False,9370,12/11/2024 2:10:00 PM,1410,053,14,109,Oakland,1,True,True,B,SIDE SWIPE,,Wednesday,NotApplicable,False,M,,False,True,False,ALAMEDA SUPERIOR COURT WILEY W. MANUEL COURTHOUSE,C,OTHER MOTOR VEHICLE,,0,0,A,DAYLIGHT,37.79431,-122.205549,,,,,A,NO PEDESTRIANS INVOLVED,12/11/2024 2:10:00 PM,A,VC 21658(A),False,1,I-580 W/B,,,12/17/2024 12:09:48 PM,A,E,1600.0,COOLIDGE AVENUE,F,,D,12/17/2024 12:09:50 PM,12/17/2024 12:09:50 PM,False,True,4,False,12/11/2024 2:41:00 PM,1441,False,,,True
4507105,9370-2024-03954,1,False,9370,12/11/2024 8:30:00 AM,830,177,14,109,Oakland,1,True,True,B,SIDE SWIPE,,Wednesday,NotApplicable,False,,,False,True,False,ALAMEDA SUPERIOR COURT WILEY W. MANUEL COURTHOUSE,C,OTHER MOTOR VEHICLE,,0,0,A,DAYLIGHT,37.79234,-122.262629,,,,,A,NO PEDESTRIANS INVOLVED,12/11/2024 8:30:00 AM,A,VC 21658(A),False,1,I-880 S/B,,,12/17/2024 11:30:06 AM,A,S,0.3,OAK STREET,M,,D,12/17/2024 11:30:07 AM,12/17/2024 11:30:07 AM,False,True,4,,12/11/2024 8:35:00 AM,0835,False,,,True
4507056,9370-2024-03951,1,False,9370,12/11/2024 6:30:00 AM,630,176,14,109,Oakland,1,True,True,B,SIDE SWIPE,,Wednesday,NotApplicable,False,M,,False,True,False,ALAMEDA SUPERIOR COURT WILEY W. MANUEL COURTHOUSE,C,OTHER MOTOR VEHICLE,,0,0,C,DARK-STREET LIGHTS,37.732121,-122.189028,,,,,A,NO PEDESTRIANS INVOLVED,12/11/2024 6:30:00 AM,A,VC 21658(a),False,1,I-880 S/B,,,12/17/2024 11:06:52 AM,A,N,300.0,98TH AVENUE,F,,D,12/17/2024 11:06:54 AM,12/17/2024 11:06:54 AM,False,True,4,,12/11/2024 6:35:00 AM,0635,False,,,True
4506600,9370-2024-03931,1,False,9370,12/9/2024 7:40:00 AM,740,052,14,109,Oakland,1,True,True,C,REAR END,,Monday,NotApplicable,False,,,False,True,False,ALAMEDA SUPERIOR COURT WILEY W. MANUEL COURTHOUSE,C,OTHER MOTOR VEHICLE,,0,0,A,DAYLIGHT,37.776006,-122.163067,,,,,A,NO PEDESTRIANS INVOLVED,12/9/2024 7:40:00 AM,A,VC 22350,False,1,I-580 W/B,,,12/17/2024 8:06:00 AM,A,E,300.0,LEONA DR,F,,D,12/17/2024 8:06:01 AM,12/17/2024 8:06:01 AM,False,True,4,,12/9/2024 7:47:00 AM,0747,False,,,True
4506543,9370-2024-03917,1,False,9370,12/8/2024 3:15:00 AM,315,176,14,109,Oakland,1,True,True,B,SIDE SWIPE,,Sunday,Yes,False,,,False,True,False,ALAMEDA SUPERIOR COURT WILEY W. MANUEL COURTHOUSE,I,FIXED OBJECT,CONCRETE BARRIER WALL,0,0,D,DARK-NO STREET LIGHTS,37.774022,-122.229972,,,,,A,NO PEDESTRIANS INVOLVED,12/8/2024 3:15:00 AM,A,VC 23152(a),True,1,I-880 N/B,,,12/17/2024 7:36:01 AM,A,S,993.0,29TH AVE,F,,D,12/17/2024 7:36:02 AM,12/17/2024 7:36:02 AM,False,True,4,,12/8/2024 3:19:00 AM,0319,False,,,True
4506175,9370-2024-03916,1,False,9370,12/7/2024 10:58:00 PM,2258,901,14,109,Oakland,1,True,True,E,HIT OBJECT,,Saturday,NotApplicable,False,M,,False,False,True,ALAMEDA SUPERIOR COURT WILEY W. MANUEL COURTHOUSE,I,FIXED OBJECT,ELECTRIC POWER LINE,0,0,C,DARK-STREET LIGHTS,37.784503,-122.187641,,,,,A,NO PEDESTRIANS INVOLVED,12/7/2024 10:58:00 PM,A,VC 22350,False,1,BUELL ST,,,12/16/2024 7:13:41 PM,A,,,CALAVERAS AVE,,,A,12/16/2024 7:13:43 PM,12/16/2024 7:13:43 PM,False,False,4,,12/7/2024 10:59:00 PM,2259,False,,,True
4506125,9370-2024-03891,1,False,9370,12/4/2024 12:00:00 PM,1200,176,14,109,Oakland,1,True,True,C,REAR END,,Wednesday,NotApplicable,False,,,False,True,False,ALAMEDA SUPERIOR COURT WILEY W. MANUEL COURTHOUSE,C,OTHER MOTOR VEHICLE,,1,0,A,DAYLIGHT,37.774317,-122.231365,,,,,A,NO PEDESTRIANS INVOLVED,12/4/2024 12:00:00 PM,A,VC 22400(a),False,1,I-880 S/B,,,12/16/2024 4:38:24 PM,A,N,440.0,HIGH STREET,F,,D,12/16/2024 4:38:27 PM,12/16/2024 4:38:27 PM,False,True,4,,12/4/2024 12:05:00 PM,1205,False,,,True