collision-id,report-number,report-version,is-preliminary,ncic-code,crash-date-time,crash-time-description,beat,city-id,city-code,city-name,county-code,city-is-active,city-is-incorporated,collision-type-code,collision-type-description,collision-type-other-desc,day-of-week,dispatch-notified,has-photographs,hit-run,is-attachments-mailed,is-deleted,is-highway-related,is-tow-away,judicial-district,motor-vehicle-involved-with-code,motor-vehicle-involved-with-desc,motor-vehicle-involved-with-other-desc,number-injured,number-killed,lighting-code,lighting-description,latitude,longitude,milepost-direction,milepost-distance,milepost-marker,milepost-unit-of-measure,pedestrian-action-code,pedestrian-action-desc,prepared-date,primary-collision-factor-code,primary-collision-factor-description,primary-collision-factor-is-cited,primary-collision-party-number,primary-road,reporting-district,reporting-district-code,reviewed-date,roadway-surface-code,secondary-direction,secondary-distance,secondary-road,secondary-unit-of-measure,sketch-desc,traffic-control-device-code,created-date,modified-date,is-county-road,is-freeway,chp-555-version,is-additonal-object-struck,notification-date,notification-time-description,has-digital-media-files,evidence-number,is-location-refer-to-narrative,is-aoi-one-same-as-location
4518382,24-040019,2,False,0109,8/10/2024 11:54:00 PM,2354,22Y,14,109,Oakland,1,True,True,B,SIDE SWIPE,,Saturday,,,,,False,False,False,,E,PARKED MOTOR VEHICLE,,0,0,C,DARK-STREET LIGHTS,,,,,,,A,NO PEDESTRIANS INVOLVED,,A,23152A,,1,FLORIDA ST,2,,,A,E,650.0,LAUREL AV,F,,A,12/27/2024 1:51:57 PM,1/28/2025 12:13:47 PM,,,2,,,,,,,
4518371,24-041523,2,False,0109,8/18/2024 11:11:00 PM,2311,20X,14,109,Oakland,1,True,True,B,SIDE SWIPE,,Sunday,,,,,False,False,False,,E,PARKED MOTOR VEHICLE,,0,0,C,DARK-STREET LIGHTS,,,,,,,A,NO PEDESTRIANS INVOLVED,,A,23152A,,1,24TH AV,2,,,A,N,20.0,E 16TH ST,F,,D,12/27/2024 1:46:57 PM,1/28/2025 12:13:47 PM,,,2,,,,,,,
4518358,24-041031,2,False,0109,8/15/2024 11:00:00 PM,2300,08X,14,109,Oakland,1,True,True,C,REAR END,,Thursday,,,,,False,False,False,,C,OTHER MOTOR VEHICLE,,0,0,C,DARK-STREET LIGHTS,,,,,,,A,NO PEDESTRIANS INVOLVED,,A,23152A,,1,TELEGRAPH AV,1,,,A,S,15.0,27TH ST,F,,A,12/27/2024 1:41:57 PM,1/28/2025 12:13:46 PM,,,2,,,,,,,
4518276,24-039053,2,False,0109,8/6/2024 3:51:00 AM,351,33X,14,109,Oakland,1,True,True,H,OTHER,,Tuesday,,,M,,False,False,False,,I,FIXED OBJECT,,0,0,C,DARK-STREET LIGHTS,,,,,,,A,NO PEDESTRIANS INVOLVED,,A,22107,,1,89TH AV,2,,,A,E,100.0,INTERNATIONAL BL,F,,A,12/27/2024 1:01:57 PM,1/28/2025 12:13:46 PM,,,2,,,,,,,
4518270,24-038674,2,False,0109,8/3/2024 6:17:00 PM,1817,34X,14,109,Oakland,1,True,True,B,SIDE SWIPE,,Saturday,,,M,,False,False,False,,C,OTHER MOTOR VEHICLE,,0,0,A,DAYLIGHT,,,,,,,A,NO PEDESTRIANS INVOLVED,,A,22107,,1,90TH AV,2,,,A,S,250.0,BANCROFT AV,F,,D,12/27/2024 12:56:57 PM,1/28/2025 12:13:46 PM,,,2,,,,,,,
4518269,24-038575,2,False,0109,8/3/2024 4:57:00 AM,457,17X,14,109,Oakland,1,True,True,D,BROADSIDE,,Saturday,,,M,,False,False,True,,C,OTHER MOTOR VEHICLE,,0,0,C,DARK-STREET LIGHTS,,,,,,,A,NO PEDESTRIANS INVOLVED,,A,21453A,,1,14TH AV,1,,,A,,,FOOTHILL BL,,,A,12/27/2024 12:56:57 PM,1/28/2025 12:13:46 PM,,,2,,,,,,,
4518264,24-039467,2,False,0109,8/8/2024 12:31:00 PM,1231,33X,14,109,Oakland,1,True,True,C,REAR END,,Thursday,,,,,False,False,True,,C,OTHER MOTOR VEHICLE,,0,0,A,DAYLIGHT,,,,,,,A,NO PEDESTRIANS INVOLVED,,A,21802A,,1,93RD AV,2,,,A,N,20.0,A ST,F,,C,12/27/2024 12:51:57 PM,1/28/2025 12:13:46 PM,,,2,,,,,,,
4518128,9370-2024-04141,1,False,9370,12/24/2024 10:40:00 AM,1040,024,14,109,Oakland,1,True,True,E,HIT OBJECT,,Tuesday,NotApplicable,False,,,False,True,False,ALAMEDA SUPERIOR COURT WILEY W. MANUEL COURTHOUSE,I,FIXED OBJECT,CONCRETE BARRIER,0,0,A,DAYLIGHT,37.848456,-122.243615,,,,,A,NO PEDESTRIANS INVOLVED,12/24/2024 10:40:00 AM,A,VC 22350,False,1,SR-24 W/B,,,12/27/2024 11:28:12 AM,B,E,1250.0,COLLEGE AVE,F,,D,12/27/2024 11:28:17 AM,12/27/2024 11:28:17 AM,False,True,4,,12/24/2024 10:43:00 AM,1043,False,,,True
4518046,9370-2024-04124,1,False,9370,12/23/2024 4:30:00 PM,1630,178,14,109,Oakland,1,True,True,B,SIDE SWIPE,,Monday,NotApplicable,False,M,,False,True,False,ALAMEDA SUPERIOR COURT WILEY W. MANUEL COURTHOUSE,C,OTHER MOTOR VEHICLE,,0,0,B,DUSK-DAWN,37.815918,-122.298084,,,,,A,NO PEDESTRIANS INVOLVED,12/23/2024 4:30:00 PM,A,VC 21750(a),False,1,I-880 N/B,,,12/27/2024 10:49:29 AM,B,S,1500.0,W. GRAND AVENUE,F,,D,12/27/2024 10:49:33 AM,12/27/2024 10:49:33 AM,False,True,4,,12/23/2024 5:25:00 PM,1725,False,,,True
4518005,9370-2024-04121,2,False,9370,12/23/2024 1:05:00 PM,1305,177,14,109,Oakland,1,True,True,D,BROADSIDE,,Monday,NotApplicable,False,,,False,True,False,ALAMEDA SUPERIOR COURT WILEY W. MANUEL COURTHOUSE,C,OTHER MOTOR VEHICLE,,1,0,A,DAYLIGHT,37.780895,-122.238657,,,,,A,NO PEDESTRIANS INVOLVED,12/23/2024 1:05:00 PM,A,VC 21658(a),False,1,INTERSTATE 880 S/B,,,1/14/2025 12:00:35 PM,B,N,1200.0,23RD AVE,F,,D,12/27/2024 10:26:08 AM,1/14/2025 12:00:37 PM,False,True,4,,12/23/2024 1:15:00 PM,1315,False,,,True
4517930,9370-2024-04117,1,False,9370,12/23/2024 4:05:00 AM,405,054,14,109,Oakland,1,True,True,E,HIT OBJECT,,Monday,NotApplicable,False,,,False,True,True,ALAMEDA SUPERIOR COURT WILEY W. MANUEL COURTHOUSE,J,OTHER OBJECT,MEDIAN WALL,0,0,D,DARK-NO STREET LIGHTS,37.810226,-122.2482,,,,,A,NO PEDESTRIANS INVOLVED,12/23/2024 4:05:00 AM,A,VC 23152(a),False,1,I-580 E/B,,,12/27/2024 9:55:44 AM,B,E,90.0,GRAND AVE,F,,D,12/27/2024 9:55:47 AM,12/27/2024 9:55:47 AM,False,True,4,,12/23/2024 4:11:00 AM,0411,False,,,True
4517884,24-059659,2,False,0109,12/4/2024 7:37:00 AM,737,19X,14,109,Oakland,1,True,True,G,VEHICLE/PEDESTRAIN,,Wednesday,,,M,,False,False,False,,B,PEDESTRIAN,,1,0,A,DAYLIGHT,,,,,,,B,CROSSING IN CROSS WALK AT INTERSECTION,,A,21950A,,1,20TH AV,1,,,A,,,FOOTHILL BL,,,A,12/27/2024 9:31:56 AM,1/28/2025 12:12:51 PM,,,2,,,,,,,
4517872,24-059251,2,False,0109,12/2/2024 11:51:00 AM,1151,30X,14,109,Oakland,1,True,True,D,BROADSIDE,,Monday,,,M,,False,False,False,,C,OTHER MOTOR VEHICLE,,1,0,A,DAYLIGHT,,,,,,,A,NO PEDESTRIANS INVOLVED,,A,21453A,,1,BANCROFT,2,,,A,,,INTERNATIONAL,,,A,12/27/2024 9:26:56 AM,1/28/2025 12:12:51 PM,,,2,,,,,,,
4517860,24-059638,2,False,0109,12/3/2024 11:40:00 PM,2340,32X,14,109,Oakland,1,True,True,D,BROADSIDE,,Tuesday,,,M,,False,False,True,,C,OTHER MOTOR VEHICLE,,1,0,C,DARK-STREET LIGHTS,,,,,,,A,NO PEDESTRIANS INVOLVED,,A,21453A,,1,98TH AV,2,,,A,,,LAWLOR ST,,,A,12/27/2024 9:21:56 AM,1/28/2025 12:12:51 PM,,,2,,,,,,,
4517794,9370-2024-04095,1,False,9370,12/21/2024 1:55:00 AM,155,176,14,109,Oakland,1,True,True,E,HIT OBJECT,,Saturday,NotApplicable,False,M,,False,True,False,ALAMEDA SUPERIOR COURT WILEY W. MANUEL COURTHOUSE,I,FIXED OBJECT,CONCRETE BARREIR WALL,0,0,D,DARK-NO STREET LIGHTS,37.77159,-122.223604,,,,,A,NO PEDESTRIANS INVOLVED,12/21/2024 1:55:00 AM,A,VC 22107,False,1,I-880 S/B,,,12/27/2024 8:38:54 AM,A,N,1530.0,HIGH ST,F,,D,12/27/2024 8:38:56 AM,12/27/2024 8:38:56 AM,False,True,4,,12/21/2024 1:59:00 AM,0159,False,,,True
4517766,24-046942,2,False,0109,9/18/2024 2:12:00 PM,1412,19X,14,109,Oakland,1,True,True,B,SIDE SWIPE,,Wednesday,,,,,False,False,True,,C,OTHER MOTOR VEHICLE,,0,0,A,DAYLIGHT,,,,,,,A,NO PEDESTRIANS INVOLVED,,A,23152A,,1,INTERNATIONAL BL,1,,,A,E,150.0,12TH AV,F,,D,12/27/2024 8:21:56 AM,1/28/2025 12:13:53 PM,,,2,,,,,,,
4517745,9370-2024-04081,1,False,9370,12/19/2024 5:43:00 PM,1743,013,14,109,Oakland,1,True,True,H,OTHER,ANIMAL,Thursday,NotApplicable,False,,,False,True,False,ALAMEDA SUPERIOR COURT WILEY W. MANUEL COURTHOUSE,H,ANIMAL,DEER,1,0,C,DARK-STREET LIGHTS,37.833783,-122.218035,,,,,A,NO PEDESTRIANS INVOLVED,12/19/2024 5:43:00 PM,C,,,,SR-13 S/B TO MORAGA AVENUE,,,12/27/2024 8:06:29 AM,A,N,310.0,MORAGA AVE O/C,F,,D,12/27/2024 8:06:31 AM,12/27/2024 8:06:31 AM,False,True,4,,12/19/2024 5:45:00 PM,1745,False,,,True
4517740,9370-2024-04078,1,False,9370,12/19/2024 3:20:00 PM,1520,024,14,109,Oakland,1,True,True,C,REAR END,,Thursday,NotApplicable,False,,,False,True,False,ALAMEDA SUPERIOR COURT WILEY W. MANUEL COURTHOUSE,C,OTHER MOTOR VEHICLE,,0,0,A,DAYLIGHT,37.848574,-122.233871,,,,,A,NO PEDESTRIANS INVOLVED,12/19/2024 3:20:00 PM,D,,,,SR-24 EASTBOUND,,,12/27/2024 8:01:48 AM,A,W,1500.0,SR-13,F,,D,12/27/2024 8:01:50 AM,12/27/2024 8:01:50 AM,False,True,4,,12/19/2024 12:00:00 AM,1523,False,,False,True
4517722,9370-2024-04060,1,False,9370,12/18/2024 5:50:00 PM,1750,176,14,109,Oakland,1,True,True,C,REAR END,,Wednesday,NotApplicable,False,M,,False,True,False,ALAMEDA SUPERIOR COURT WILEY W. MANUEL COURTHOUSE,C,OTHER MOTOR VEHICLE,,0,0,D,DARK-NO STREET LIGHTS,37.73491,-122.19164,,,,,A,NO PEDESTRIANS INVOLVED,12/18/2024 5:50:00 PM,A,VC 22350,False,1,I-880 SOUTHBOUND,,,12/27/2024 7:49:31 AM,A,N,1400.0,98TH AVENUE,F,,D,12/27/2024 7:49:33 AM,12/27/2024 7:49:33 AM,False,True,4,,12/18/2024 5:57:00 PM,1757,False,,,True
4517692,9370-2024-02563,2,False,9370,8/11/2024 2:38:00 PM,1438,024,14,109,Oakland,1,True,True,B,SIDE SWIPE,,Sunday,NotApplicable,False,M,,False,True,False,ALAMEDA SUPERIOR COURT WILEY W. MANUEL COURTHOUSE,C,OTHER MOTOR VEHICLE,,0,0,A,DAYLIGHT,37.848643,-122.234941,,,,,A,NO PEDESTRIANS INVOLVED,8/11/2024 2:38:00 PM,A,VC 21658(a),False,1,SR-24 E/B,,,1/30/2025 3:22:02 PM,A,E,1500.0,GOLDEN GATE AVENUE,F,,D,12/27/2024 7:26:04 AM,1/30/2025 3:22:04 PM,False,True,4,,8/11/2024 5:14:00 PM,1714,False,,,True
4517689,9370-2024-03792,1,False,9370,11/25/2024 6:20:00 AM,620,901,14,109,Oakland,1,True,True,D,BROADSIDE,,Monday,Yes,False,,,False,False,False,ALAMEDA SUPERIOR COURT ADMINISTRATION BUILDING,G,BICYCLE,,1,0,B,DUSK-DAWN,37.827591,-122.271582,,,,,A,NO PEDESTRIANS INVOLVED,11/25/2024 6:20:00 AM,A,VC 21453(A),False,1,WEST MACARTHUR BLVD,,,12/27/2024 7:21:04 AM,B,,,WEST STREET,,,A,12/27/2024 7:21:07 AM,12/27/2024 7:21:07 AM,True,False,4,,11/25/2024 6:25:00 AM,0625,False,,,True
4517674,9370-2024-04084,2,False,9370,12/20/2024 3:27:00 AM,327,054,14,109,Oakland,1,True,True,C,REAR END,,Friday,NotApplicable,False,M,,False,True,True,ALAMEDA SUPERIOR COURT WILEY W. MANUEL COURTHOUSE,C,OTHER MOTOR VEHICLE,,1,0,D,DARK-NO STREET LIGHTS,37.820224,-122.255946,,,,,A,NO PEDESTRIANS INVOLVED,12/20/2024 3:27:00 AM,C,,,1,I-580 E/B,,,1/8/2025 1:27:46 PM,A,W,450.0,HARRISON STREET,F,,D,12/27/2024 7:00:56 AM,1/8/2025 1:27:48 PM,False,True,4,,12/20/2024 3:35:00 AM,0335,False,,,True
4517659,9370-2024-04006,1,False,9370,12/14/2024 3:16:00 AM,316,177,14,109,Oakland,1,True,True,D,BROADSIDE,,Saturday,NotApplicable,False,,,False,True,False,ALAMEDA SUPERIOR COURT WILEY W. MANUEL COURTHOUSE,C,OTHER MOTOR VEHICLE,,0,0,D,DARK-NO STREET LIGHTS,37.796377,-122.269291,,,,,A,NO PEDESTRIANS INVOLVED,12/14/2024 3:16:00 AM,A,VC 22350,False,1,I-880 N/B,,,12/27/2024 6:38:46 AM,B,N,115.0,JACKSON STREET,F,,B,12/27/2024 6:38:49 AM,12/27/2024 6:38:49 AM,False,True,4,,12/14/2024 3:16:00 AM,0316,False,,,True
4517606,9370-2024-04041,1,False,9370,12/16/2024 7:40:00 PM,1940,013,14,109,Oakland,1,True,True,B,SIDE SWIPE,,Monday,NotApplicable,False,,,False,True,False,ALAMEDA SUPERIOR COURT WILEY W. MANUEL COURTHOUSE,C,OTHER MOTOR VEHICLE,,0,0,D,DARK-NO STREET LIGHTS,37.845563,-122.227606,,,,,A,NO PEDESTRIANS INVOLVED,12/16/2024 7:40:00 PM,A,VC 21658,False,2,SR-13 S/B,,,12/27/2024 5:23:29 AM,A,N,1600.0,BROADWAY TERRACE,F,,D,12/27/2024 5:23:35 AM,12/27/2024 5:23:35 AM,False,True,4,,12/16/2024 7:41:00 PM,1941,False,,,True
4517264,9370-2024-04038,1,False,9370,12/16/2024 6:30:00 PM,1830,008,14,109,Oakland,1,True,True,B,SIDE SWIPE,,Monday,NotApplicable,False,M,,False,True,True,ALAMEDA SUPERIOR COURT WILEY W. MANUEL COURTHOUSE,C,OTHER MOTOR VEHICLE,,0,0,C,DARK-STREET LIGHTS,37.828469,-122.294105,,,,,A,NO PEDESTRIANS INVOLVED,12/16/2024 6:30:00 PM,A,VC 21658(A),False,1,I-80 E/B,,,12/26/2024 4:24:00 PM,B,W,3550.0,POWELL ST,F,,D,12/26/2024 4:24:01 PM,12/26/2024 4:24:01 PM,False,True,4,True,12/16/2024 8:04:00 PM,2004,False,,,
4517260,9370-2024-04090,1,False,9370,12/20/2024 6:30:00 PM,1830,055,14,109,Oakland,1,True,True,C,REAR END,,Friday,NotApplicable,False,,,False,True,False,ALAMEDA SUPERIOR COURT WILEY W. MANUEL COURTHOUSE,C,OTHER MOTOR VEHICLE,,0,0,A,DAYLIGHT,37.827357,-122.284636,,,,,A,NO PEDESTRIANS INVOLVED,12/20/2024 6:30:00 PM,A,VC 22350,False,1,I-580 W/B,,,12/26/2024 4:21:27 PM,A,W,5.0,HOLLIS ST,F,,D,12/26/2024 4:21:29 PM,12/26/2024 4:21:29 PM,False,True,4,,12/20/2024 6:35:00 PM,1835,False,,,True
4517256,9370-2024-04051,1,False,9370,12/17/2024 6:51:00 AM,651,008,14,109,Oakland,1,True,True,B,SIDE SWIPE,,Tuesday,NotApplicable,False,,,False,True,False,ALAMEDA SUPERIOR COURT WILEY W. MANUEL COURTHOUSE,D,MOTOR VEHICLE ON OTHER ROADWAY,,0,0,A,DAYLIGHT,37.827171,-122.297734,,,,,A,NO PEDESTRIANS INVOLVED,12/17/2024 6:51:00 AM,D,,,,INTERSTATE 80 WESTBOUND,,,12/26/2024 4:19:16 PM,A,E,4635.0,SFOBB TOLL PLAZA,F,,D,12/26/2024 4:19:19 PM,12/26/2024 4:19:19 PM,False,True,4,,12/17/2024 6:55:00 AM,0655,False,,,True
4517160,24-059515,2,False,0109,12/3/2024 7:42:00 AM,742,31Y,14,109,Oakland,1,True,True,D,BROADSIDE,,Tuesday,,,,,False,False,False,,C,OTHER MOTOR VEHICLE,,2,0,A,DAYLIGHT,,,,,,,A,NO PEDESTRIANS INVOLVED,,A,21802A,,1,EDES AV,2,,,A,,,CLARA ST,,,D,12/26/2024 3:06:54 PM,1/28/2025 12:12:51 PM,,,2,,,,,,,
4517157,9370-2024-03855,1,False,9370,11/30/2024 11:59:00 PM,2359,008,14,109,Oakland,1,True,True,D,BROADSIDE,,Saturday,Yes,False,,,False,True,True,ALAMEDA SUPERIOR COURT WILEY W. MANUEL COURTHOUSE,C,OTHER MOTOR VEHICLE,,2,0,C,DARK-STREET LIGHTS,37.838209,-122.296131,,,,,A,NO PEDESTRIANS INVOLVED,11/30/2024 11:59:00 PM,A,VC 21453(a),False,1,I-80 E/B TO POWELL STREET,,,12/26/2024 3:04:35 PM,A,,,POWELL STREET,,,A,12/26/2024 3:04:37 PM,12/26/2024 3:04:37 PM,False,True,4,,11/30/2024 11:59:00 PM,2359,False,,,True
4516887,9370-2024-03979,1,False,9370,12/13/2024 12:41:00 PM,1241,024,14,109,Oakland,1,True,True,C,REAR END,,Friday,Yes,False,,,False,True,True,ALAMEDA SUPERIOR COURT WILEY W. MANUEL COURTHOUSE,C,OTHER MOTOR VEHICLE,,4,0,A,DAYLIGHT,37.849772,-122.223746,,,,,A,NO PEDESTRIANS INVOLVED,12/13/2024 12:41:00 PM,A,VC 22350,True,1,SR-24 W/B (GROVE SHAFTER FREEWAY),,,12/26/2024 12:49:30 PM,B,W,370.0,FREEWAY OVERPASS,F,,D,12/26/2024 12:49:33 PM,12/26/2024 12:49:33 PM,False,True,4,,12/13/2024 12:43:00 PM,1243,True,AREA PHOTO FILE,,True
4516709,24-030931,2,False,0109,6/22/2024 12:17:00 AM,17,20X,14,109,Oakland,1,True,True,B,SIDE SWIPE,,Saturday,,,M,,False,False,False,,C,OTHER MOTOR VEHICLE,,0,0,C,DARK-STREET LIGHTS,,,,,,,A,NO PEDESTRIANS INVOLVED,,A,22107,,1,27TH AV,2,,,A,N,42.0,E 17TH ST,F,,D,12/26/2024 11:16:52 AM,1/28/2025 12:09:55 PM,,,2,,,,,,,
4516702,24-038471,2,False,0109,8/2/2024 11:13:00 AM,1113,13Y,14,109,Oakland,1,True,True,C,REAR END,,Friday,,,,,False,False,False,,E,PARKED MOTOR VEHICLE,,0,0,A,DAYLIGHT,,,,,,,A,NO PEDESTRIANS INVOLVED,,B,,,1,ALVARADO RD,1,,,A,W,5.0,AMITO DR,F,,D,12/26/2024 11:11:52 AM,1/28/2025 12:09:57 PM,,,2,,,,,,,
4516676,9370-2024-04074,1,False,9370,12/18/2024 6:03:00 PM,1803,177,14,109,Oakland,1,True,True,C,REAR END,,Wednesday,NotApplicable,False,M,,False,True,False,ALAMEDA SUPERIOR COURT WILEY W. MANUEL COURTHOUSE,C,OTHER MOTOR VEHICLE,,0,0,C,DARK-STREET LIGHTS,37.790164,-122.258023,,,,,A,NO PEDESTRIANS INVOLVED,12/18/2024 6:03:00 PM,A,VC 22350,False,1,I-880 N/B TO EMBARCADERO,,,12/26/2024 11:01:36 AM,A,S,200.0,EMBARCADERO,F,,D,12/26/2024 11:01:38 AM,12/26/2024 11:01:38 AM,False,True,4,,12/18/2024 6:05:00 PM,1805,False,,,True
4516643,9370-2024-04055,1,False,9370,12/18/2024 2:30:00 PM,1430,176,14,109,Oakland,1,True,True,C,REAR END,,Wednesday,NotApplicable,False,,,False,True,True,ALAMEDA SUPERIOR COURT WILEY W. MANUEL COURTHOUSE,C,OTHER MOTOR VEHICLE,,0,0,A,DAYLIGHT,37.773997,-122.23025,,,,,A,NO PEDESTRIANS INVOLVED,12/18/2024 2:30:00 PM,A,VC 22350,False,1,I-880 N/B,,,12/26/2024 10:43:01 AM,D,S,964.0,29TH AVE,F,,D,12/26/2024 10:43:03 AM,12/26/2024 10:43:03 AM,False,True,4,,12/18/2024 2:35:00 PM,1435,False,,,True
4516613,9370-2024-04054,1,False,9370,12/18/2024 6:50:00 AM,650,176,14,109,Oakland,1,True,True,B,SIDE SWIPE,,Wednesday,NotApplicable,False,M,,False,True,False,ALAMEDA SUPERIOR COURT WILEY W. MANUEL COURTHOUSE,C,OTHER MOTOR VEHICLE,,0,0,A,DAYLIGHT,37.771697,-122.223372,,,,,A,NO PEDESTRIANS INVOLVED,12/18/2024 6:50:00 AM,A,VC 21658(A),False,1,I-880 N/B,,,12/26/2024 10:31:42 AM,A,N,990.0,HIGH ST,F,,D,12/26/2024 10:31:44 AM,12/26/2024 10:31:44 AM,False,True,4,,12/18/2024 6:55:00 AM,0655,False,,,True
4516557,9370-2024-04057,1,False,9370,12/17/2024 11:10:00 PM,2310,177,14,109,Oakland,1,True,True,C,REAR END,,Tuesday,NotApplicable,False,M,,False,True,False,ALAMEDA SUPERIOR COURT WILEY W. MANUEL COURTHOUSE,C,OTHER MOTOR VEHICLE,,1,0,D,DARK-NO STREET LIGHTS,37.790663,-122.260661,,,,,A,NO PEDESTRIANS INVOLVED,12/17/2024 11:10:00 PM,A,VC 22350,False,1,I-880 S/B,,,12/26/2024 10:05:33 AM,A,N,181.0,5TH AVE,F,,D,12/26/2024 10:05:35 AM,12/26/2024 10:05:35 AM,False,True,4,,12/17/2024 11:15:00 PM,2315,False,,,True
4516515,9370-2024-04048,1,False,9370,12/17/2024 9:30:00 PM,2130,176,14,109,Oakland,1,True,True,B,SIDE SWIPE,,Tuesday,NotApplicable,False,M,,False,True,False,ALAMEDA SUPERIOR COURT WILEY W. MANUEL COURTHOUSE,C,OTHER MOTOR VEHICLE,,0,0,B,DUSK-DAWN,37.773811,-122.229667,,,,,A,NO PEDESTRIANS INVOLVED,12/17/2024 9:30:00 PM,A,VC 21658(A),False,1,INTERSTATE 880 NORTHBOUND,,,12/26/2024 9:52:17 AM,A,S,1150.0,29TH AVENUE,F,,D,12/26/2024 9:52:21 AM,12/26/2024 9:52:21 AM,False,True,4,,12/17/2024 9:32:00 PM,2132,False,,,
4516326,9370-2024-04032,1,False,9370,12/16/2024 11:20:00 PM,2320,024,14,109,Oakland,1,True,True,E,HIT OBJECT,,Monday,Yes,False,,,False,True,True,ALAMEDA SUPERIOR COURT WILEY W. MANUEL COURTHOUSE,I,FIXED OBJECT,CONCRETE CENTER DIVIDE,0,0,C,DARK-STREET LIGHTS,37.848688,-122.235007,,,,,A,NO PEDESTRIANS INVOLVED,12/16/2024 11:20:00 PM,A,VC 23152(A),True,1,SR-24 E/B,,,12/26/2024 8:29:30 AM,B,E,1450.0,GOLDEN GATE AVE,F,,D,12/26/2024 8:29:32 AM,12/26/2024 8:29:32 AM,False,True,4,,12/16/2024 11:40:00 PM,2340,False,,,True
4516278,9335-2024-02964,1,False,9335,12/12/2024 11:14:00 AM,1114,082,14,109,Oakland,1,True,True,B,SIDE SWIPE,,Thursday,NotApplicable,False,M,,False,True,True,ALAMEDA SUPERIOR COURT GEORGE E. MCDONALD HALL OF JUSTICE,C,OTHER MOTOR VEHICLE,,0,0,A,DAYLIGHT,37.824348,-122.316919,,,,,A,NO PEDESTRIANS INVOLVED,12/12/2024 11:14:00 AM,A,VC 21658(a),False,1,I-80 WB,,,12/26/2024 8:06:34 AM,A,E,137.0,SFOBB METERING LIGHTS,F,,A,12/26/2024 8:06:37 AM,12/26/2024 8:06:37 AM,False,True,4,,12/12/2024 11:18:00 AM,1118,False,,,True
4542487,24-036516,2,False,0109,7/22/2024 8:17:00 PM,2017,34X,14,109,Oakland,1,True,True,A,HEAD-ON,,Monday,,,M,,False,False,False,,C,OTHER MOTOR VEHICLE,,0,0,B,DUSK-DAWN,,,,,,,A,NO PEDESTRIANS INVOLVED,,A,21453A,,1,98TH AV,2,,,A,,,HOLLY ST,,,A,1/17/2025 3:04:55 PM,1/28/2025 1:06:03 PM,,,2,,,,,,,
4542439,24-059718,2,False,0109,12/4/2024 3:16:00 PM,1516,10X,14,109,Oakland,1,True,True,B,SIDE SWIPE,,Wednesday,,,,,False,False,False,,C,OTHER MOTOR VEHICLE,,1,0,A,DAYLIGHT,,,,,,,A,NO PEDESTRIANS INVOLVED,,A,22107,,1,SAN PABLO AV,1,,,A,S,35.0,59TH ST,F,,D,1/17/2025 2:24:55 PM,1/28/2025 1:06:16 PM,,,2,,,,,,,
4542426,24-034867,2,False,0109,7/12/2024 11:02:00 PM,2302,03X,14,109,Oakland,1,True,True,D,BROADSIDE,,Friday,,,,,False,False,False,,C,OTHER MOTOR VEHICLE,,0,0,C,DARK-STREET LIGHTS,,,,,,,A,NO PEDESTRIANS INVOLVED,,A,21453A,,1,12TH ST,1,,,A,,,FRANKLIN ST,,,A,1/17/2025 2:14:55 PM,1/28/2025 1:06:03 PM,,,2,,,,,,,
4542410,24-057146,2,False,0109,5/20/2024 1:28:00 PM,1328,19X,14,109,Oakland,1,True,True,C,REAR END,,Monday,,,,,False,False,False,,C,OTHER MOTOR VEHICLE,,0,0,A,DAYLIGHT,,,,,,,A,NO PEDESTRIANS INVOLVED,,A,22350,,1,E 11TH ST,1,,,A,,,9TH AV,,,A,1/17/2025 2:04:55 PM,1/28/2025 1:06:10 PM,,,2,,,,,,,
4542343,24-060602,2,False,0109,12/10/2024 8:25:00 AM,825,19X,14,109,Oakland,1,True,True,G,VEHICLE/PEDESTRAIN,,Tuesday,,,,,False,False,False,,C,OTHER MOTOR VEHICLE,,1,0,A,DAYLIGHT,,,,,,,E,IN ROAD - INCLUDES SHOULDER,,A,22107,,1,22ND AV,1,,,A,,,12TH ST,,,A,1/17/2025 1:49:54 PM,1/28/2025 1:06:16 PM,,,2,,,,,,,
4542308,24-061782,2,False,0109,12/17/2024 8:20:00 PM,2020,07X,14,109,Oakland,1,True,True,A,HEAD-ON,,Tuesday,,,,,False,False,False,,G,BICYCLE,,1,0,C,DARK-STREET LIGHTS,,,,,,,A,NO PEDESTRIANS INVOLVED,,A,21650,,1,WEST ST,1,,,A,,,WEST GRAND AV,,,D,1/17/2025 1:39:53 PM,1/28/2025 1:06:16 PM,,,2,,,,,,,
4542295,24-062722,2,False,0109,12/23/2024 1:58:00 PM,1358,06X,14,109,Oakland,1,True,True,D,BROADSIDE,,Monday,,,,,False,False,False,,C,OTHER MOTOR VEHICLE,,3,0,A,DAYLIGHT,,,,,,,A,NO PEDESTRIANS INVOLVED,,A,21802A,,1,MARTIN LUTHER KING WY,1,,,B,,,30TH ST,,,D,1/17/2025 1:39:53 PM,1/28/2025 1:06:16 PM,,,2,,,,,,,